Order_ID,Order_Date,Product_Name,Category,City,Quantity,Price_per_Unit,Total_Amount,Payment_Mode,Delivery_Time_Minutes,Customer_Rating
1,2024-03-15,Vegetables,Produce,Ahmedabad,3,742,2226,Debit Card,54,3.7
2,2024-09-16,Ice Cream,Frozen,Mumbai,9,144,1296,UPI,55,3.9
3,2024-01-25,Atta,Grocery,Hyderabad,6,255,1530,Credit Card,57,5.0
4,2024-04-01,Bread,Bakery,Hyderabad,6,398,2388,Debit Card,21,3.8
5,2024-08-24,Snacks,Packaged Food,Chennai,7,184,1288,UPI,19,3.0
6,2024-07-21,Bread,Bakery,Bangalore,4,191,764,UPI,50,3.5
7,2024-08-17,Ice Cream,Frozen,Pune,3,658,1974,Wallet,56,4.9
8,2024-11-07,Eggs,Dairy,Chennai,12,624,7488,Credit Card,41,4.4
9,2024-10-04,Frozen Food,Frozen,Kolkata,8,431,3448,UPI,60,3.2
10,2024-06-02,Atta,Grocery,Pune,5,265,1325,Debit Card,57,4.8
11,2024-09-09,Beverages,Drinks,Chennai,3,79,237,Wallet,28,3.3
12,2024-05-20,Pulses,Grocery,Mumbai,12,71,852,Wallet,22,4.8
13,2024-09-25,Beverages,Drinks,Hyderabad,11,786,8646,Wallet,30,3.7
14,2024-01-07,Pulses,Grocery,Mumbai,8,217,1736,Wallet,15,4.4
15,2024-04-17,Rice,Grocery,Pune,12,126,1512,Debit Card,51,4.4
16,2024-11-12,Atta,Grocery,Ahmedabad,9,59,531,Debit Card,18,3.1
17,2024-08-30,Frozen Food,Frozen,Delhi,4,274,1096,Cash on Delivery,14,3.1
18,2024-04-18,Atta,Grocery,Mumbai,2,277,554,UPI,52,4.9
19,2024-07-24,Rice,Grocery,Pune,8,481,3848,Credit Card,52,3.9
20,2024-04-09,Beverages,Drinks,Chennai,7,168,1176,Cash on Delivery,34,3.2
21,2024-11-02,Sugar,Grocery,Pune,5,747,3735,UPI,20,3.5
22,2024-01-25,Fruits,Produce,Chennai,1,297,297,Credit Card,10,4.9
23,2024-10-12,Sugar,Grocery,Hyderabad,7,29,203,UPI,22,3.6
24,2024-11-25,Pulses,Grocery,Delhi,2,619,1238,Credit Card,28,4.3
25,2024-08-15,Rice,Grocery,Bangalore,2,43,86,Wallet,30,4.7
26,2024-10-10,Bread,Bakery,Bangalore,12,23,276,UPI,53,3.6
27,2024-07-21,Bread,Bakery,Pune,7,765,5355,Debit Card,20,3.4
28,2024-03-23,Beverages,Drinks,Chennai,2,660,1320,Debit Card,48,4.5
29,2024-08-11,Beverages,Drinks,Mumbai,11,328,3608,Cash on Delivery,15,4.2
30,2024-04-24,Rice,Grocery,Pune,8,460,3680,Credit Card,13,3.1
31,2024-08-14,Fruits,Produce,Delhi,10,178,1780,Debit Card,14,4.4
32,2024-05-30,Atta,Grocery,Mumbai,9,600,5400,Cash on Delivery,16,4.9
33,2024-10-10,Beverages,Drinks,Bangalore,3,386,1158,Wallet,32,4.4
34,2024-02-23,Atta,Grocery,Ahmedabad,6,138,828,Debit Card,26,3.5
35,2024-06-27,Eggs,Dairy,Delhi,1,250,250,Wallet,15,4.1
36,2024-03-05,Vegetables,Produce,Delhi,12,509,6108,Credit Card,40,4.0
37,2024-09-09,Rice,Grocery,Chennai,1,639,639,Wallet,41,4.9
38,2024-02-24,Pulses,Grocery,Bangalore,1,612,612,Cash on Delivery,37,5.0
39,2024-01-06,Milk,Dairy,Hyderabad,6,348,2088,UPI,48,3.6
40,2024-06-05,Sugar,Grocery,Ahmedabad,10,216,2160,Credit Card,13,3.3
41,2024-11-01,Ice Cream,Frozen,Bangalore,4,749,2996,Debit Card,13,3.2
42,2024-11-05,Eggs,Dairy,Kolkata,5,176,880,UPI,36,4.9
43,2024-01-09,Eggs,Dairy,Bangalore,8,780,6240,Wallet,50,3.1
44,2024-10-04,Vegetables,Produce,Kolkata,1,105,105,Debit Card,11,3.9
45,2024-07-14,Bread,Bakery,Hyderabad,7,204,1428,Cash on Delivery,25,3.5
46,2024-05-30,Fruits,Produce,Pune,5,361,1805,UPI,54,3.5
47,2024-09-22,Bread,Bakery,Delhi,11,445,4895,UPI,54,3.7
48,2024-03-27,Ice Cream,Frozen,Ahmedabad,6,239,1434,Wallet,23,3.8
49,2024-01-12,Vegetables,Produce,Kolkata,1,291,291,Debit Card,46,5.0
50,2024-02-08,Oil,Grocery,Delhi,11,284,3124,Wallet,37,4.2
51,2024-05-27,Snacks,Packaged Food,Pune,6,352,2112,Cash on Delivery,16,4.5
52,2024-06-23,Vegetables,Produce,Pune,10,438,4380,Cash on Delivery,56,4.0
53,2024-02-19,Snacks,Packaged Food,Hyderabad,3,98,294,Cash on Delivery,13,3.0
54,2024-05-23,Frozen Food,Frozen,Ahmedabad,4,363,1452,Debit Card,52,3.1
55,2024-05-19,Vegetables,Produce,Kolkata,12,371,4452,UPI,40,3.6
56,2024-11-09,Pulses,Grocery,Bangalore,6,336,2016,Cash on Delivery,33,3.9
57,2024-01-03,Sugar,Grocery,Mumbai,9,756,6804,UPI,60,4.6
58,2024-11-17,Fruits,Produce,Ahmedabad,9,304,2736,Wallet,51,4.7
59,2024-01-22,Vegetables,Produce,Chennai,3,108,324,UPI,56,4.0
60,2024-11-30,Atta,Grocery,Hyderabad,9,107,963,Credit Card,47,4.4
61,2024-07-26,Snacks,Packaged Food,Delhi,7,359,2513,Debit Card,19,4.6
62,2024-08-10,Frozen Food,Frozen,Hyderabad,11,785,8635,Wallet,51,3.2
63,2024-07-07,Rice,Grocery,Chennai,7,29,203,Debit Card,60,4.4
64,2024-05-27,Ice Cream,Frozen,Hyderabad,8,520,4160,Wallet,16,3.9
65,2024-04-15,Frozen Food,Frozen,Chennai,7,29,203,UPI,33,4.8
66,2024-11-23,Ice Cream,Frozen,Hyderabad,3,792,2376,Cash on Delivery,38,4.7
67,2024-07-28,Sugar,Grocery,Chennai,9,417,3753,Debit Card,32,4.2
68,2024-12-12,Vegetables,Produce,Mumbai,9,604,5436,Cash on Delivery,10,4.0
69,2024-01-30,Rice,Grocery,Pune,7,411,2877,Cash on Delivery,9,3.2
70,2024-04-24,Atta,Grocery,Pune,5,337,1685,Wallet,55,3.3
71,2024-11-11,Vegetables,Produce,Kolkata,11,376,4136,Credit Card,34,3.6
72,2024-08-04,Eggs,Dairy,Pune,1,317,317,Wallet,10,4.3
73,2024-12-29,Atta,Grocery,Ahmedabad,7,280,1960,Debit Card,16,5.0
74,2024-09-10,Beverages,Drinks,Kolkata,5,31,155,UPI,33,3.2
75,2024-07-23,Eggs,Dairy,Bangalore,5,70,350,UPI,53,3.2
76,2024-12-19,Frozen Food,Frozen,Ahmedabad,6,46,276,Credit Card,45,5.0
77,2024-04-13,Frozen Food,Frozen,Kolkata,12,271,3252,Wallet,26,4.0
78,2024-05-26,Oil,Grocery,Kolkata,6,291,1746,UPI,18,4.3
79,2024-08-14,Snacks,Packaged Food,Hyderabad,4,267,1068,Credit Card,17,3.8
80,2024-08-27,Bread,Bakery,Pune,6,695,4170,Cash on Delivery,54,4.3
81,2024-11-13,Eggs,Dairy,Chennai,5,516,2580,Credit Card,43,4.3
82,2024-05-23,Beverages,Drinks,Kolkata,1,410,410,Wallet,32,4.1
83,2024-09-03,Frozen Food,Frozen,Chennai,9,437,3933,UPI,53,4.1
84,2024-07-26,Pulses,Grocery,Bangalore,6,628,3768,Credit Card,30,5.0
85,2024-08-06,Milk,Dairy,Bangalore,12,148,1776,UPI,13,3.9
86,2024-04-12,Bread,Bakery,Delhi,9,749,6741,Wallet,38,3.9
87,2024-11-23,Beverages,Drinks,Chennai,2,425,850,UPI,29,4.0
88,2024-08-14,Vegetables,Produce,Chennai,9,766,6894,Wallet,10,4.1
89,2024-03-16,Milk,Dairy,Delhi,12,484,5808,Wallet,13,4.5
90,2024-01-09,Beverages,Drinks,Delhi,11,577,6347,Wallet,55,3.2
91,2024-02-20,Milk,Dairy,Kolkata,7,761,5327,Wallet,14,3.6
92,2024-11-09,Oil,Grocery,Delhi,8,788,6304,Cash on Delivery,54,3.1
93,2024-08-02,Rice,Grocery,Kolkata,5,781,3905,Debit Card,13,3.1
94,2024-08-21,Vegetables,Produce,Chennai,12,258,3096,Debit Card,10,4.1
95,2024-10-16,Rice,Grocery,Mumbai,5,209,1045,Debit Card,60,3.0
96,2024-07-31,Bread,Bakery,Hyderabad,5,244,1220,UPI,17,4.3
97,2024-01-31,Snacks,Packaged Food,Kolkata,2,623,1246,Wallet,26,4.2
98,2024-04-08,Milk,Dairy,Pune,10,358,3580,UPI,30,3.8
99,2024-12-12,Snacks,Packaged Food,Kolkata,4,787,3148,Credit Card,55,3.6
100,2024-03-28,Milk,Dairy,Ahmedabad,7,138,966,UPI,10,3.7
101,2024-09-28,Sugar,Grocery,Bangalore,8,68,544,Cash on Delivery,14,4.1
102,2024-07-07,Snacks,Packaged Food,Delhi,5,560,2800,Debit Card,52,3.4
103,2024-01-31,Oil,Grocery,Hyderabad,12,773,9276,Cash on Delivery,36,3.2
104,2024-08-23,Atta,Grocery,Delhi,8,181,1448,Debit Card,37,3.9
105,2024-08-05,Vegetables,Produce,Chennai,11,527,5797,UPI,24,3.7
106,2024-04-07,Milk,Dairy,Hyderabad,2,721,1442,Wallet,9,3.7
107,2024-04-07,Rice,Grocery,Pune,8,660,5280,Wallet,60,4.9
108,2024-05-12,Ice Cream,Frozen,Kolkata,10,394,3940,UPI,13,3.1
109,2024-12-05,Bread,Bakery,Ahmedabad,1,603,603,Debit Card,25,3.2
110,2024-12-13,Vegetables,Produce,Delhi,11,407,4477,Cash on Delivery,42,3.1
111,2024-05-24,Frozen Food,Frozen,Bangalore,10,129,1290,Wallet,53,5.0
112,2024-11-13,Ice Cream,Frozen,Hyderabad,1,593,593,UPI,45,4.8
113,2024-11-06,Rice,Grocery,Pune,3,723,2169,Credit Card,56,4.4
114,2024-10-28,Rice,Grocery,Chennai,7,342,2394,UPI,19,3.6
115,2024-05-29,Frozen Food,Frozen,Chennai,8,430,3440,Credit Card,16,4.0
116,2024-05-07,Pulses,Grocery,Kolkata,7,519,3633,UPI,8,3.4
117,2024-03-13,Snacks,Packaged Food,Bangalore,2,59,118,Cash on Delivery,14,4.8
118,2024-12-29,Atta,Grocery,Pune,9,508,4572,Wallet,43,3.6
119,2024-09-12,Bread,Bakery,Pune,7,558,3906,UPI,48,3.0
120,2024-06-01,Fruits,Produce,Bangalore,2,390,780,Debit Card,59,3.4
121,2024-06-17,Bread,Bakery,Hyderabad,6,664,3984,Credit Card,18,3.6
122,2024-08-20,Milk,Dairy,Ahmedabad,8,434,3472,Debit Card,18,3.4
123,2024-02-03,Frozen Food,Frozen,Kolkata,4,781,3124,Debit Card,39,4.0
124,2024-11-27,Bread,Bakery,Delhi,9,576,5184,Wallet,24,4.0
125,2024-01-04,Atta,Grocery,Bangalore,12,535,6420,Wallet,46,4.6
126,2024-12-05,Snacks,Packaged Food,Mumbai,3,30,90,Debit Card,59,4.3
127,2024-12-31,Sugar,Grocery,Ahmedabad,10,470,4700,Credit Card,22,4.9
128,2024-10-26,Sugar,Grocery,Chennai,3,786,2358,Wallet,60,4.2
129,2024-12-26,Snacks,Packaged Food,Mumbai,4,745,2980,UPI,32,4.2
130,2024-03-14,Milk,Dairy,Bangalore,9,495,4455,Cash on Delivery,59,4.3
131,2024-02-27,Sugar,Grocery,Chennai,1,202,202,Wallet,41,4.4
132,2024-11-05,Pulses,Grocery,Hyderabad,9,787,7083,Debit Card,41,4.5
133,2024-02-15,Snacks,Packaged Food,Chennai,4,595,2380,Debit Card,37,4.9
134,2024-11-16,Beverages,Drinks,Ahmedabad,2,31,62,Cash on Delivery,59,3.0
135,2024-12-06,Eggs,Dairy,Hyderabad,1,386,386,Cash on Delivery,48,3.7
136,2024-01-28,Pulses,Grocery,Chennai,3,660,1980,Debit Card,38,4.2
137,2024-06-07,Bread,Bakery,Mumbai,4,98,392,Cash on Delivery,52,3.4
138,2024-03-28,Eggs,Dairy,Ahmedabad,3,55,165,Wallet,13,4.6
139,2024-04-19,Vegetables,Produce,Pune,1,321,321,Wallet,57,3.4
140,2024-02-24,Eggs,Dairy,Delhi,8,67,536,UPI,46,3.9
141,2024-08-30,Frozen Food,Frozen,Hyderabad,8,71,568,Cash on Delivery,18,4.1
142,2024-04-12,Ice Cream,Frozen,Chennai,3,108,324,UPI,41,3.6
143,2024-08-14,Fruits,Produce,Kolkata,9,257,2313,Wallet,47,3.5
144,2024-07-29,Atta,Grocery,Pune,2,767,1534,Wallet,51,3.8
145,2024-04-25,Rice,Grocery,Kolkata,9,765,6885,Cash on Delivery,21,4.0
146,2024-01-20,Rice,Grocery,Mumbai,7,303,2121,Cash on Delivery,19,3.1
147,2024-09-16,Sugar,Grocery,Chennai,11,224,2464,UPI,26,4.5
148,2024-04-15,Milk,Dairy,Ahmedabad,1,695,695,Wallet,33,4.0
149,2024-09-23,Sugar,Grocery,Chennai,6,734,4404,UPI,34,4.5
150,2024-03-09,Vegetables,Produce,Kolkata,5,746,3730,Credit Card,43,3.7
151,2024-11-16,Sugar,Grocery,Chennai,7,680,4760,Wallet,37,4.8
152,2024-04-02,Vegetables,Produce,Kolkata,8,327,2616,Cash on Delivery,36,4.1
153,2024-03-14,Ice Cream,Frozen,Pune,5,150,750,Credit Card,30,4.1
154,2024-03-08,Beverages,Drinks,Delhi,10,162,1620,Credit Card,55,3.2
155,2024-07-26,Eggs,Dairy,Pune,4,56,224,Cash on Delivery,24,4.9
156,2024-02-29,Milk,Dairy,Kolkata,10,511,5110,Wallet,26,3.2
157,2024-11-11,Milk,Dairy,Chennai,5,780,3900,Wallet,27,5.0
158,2024-05-20,Milk,Dairy,Hyderabad,1,56,56,UPI,50,3.7
159,2024-04-25,Fruits,Produce,Chennai,11,667,7337,Cash on Delivery,47,4.2
160,2024-11-03,Snacks,Packaged Food,Delhi,1,551,551,Cash on Delivery,27,4.4
161,2024-10-14,Vegetables,Produce,Chennai,3,769,2307,Debit Card,39,4.4
162,2024-05-08,Frozen Food,Frozen,Chennai,1,677,677,Cash on Delivery,14,4.0
163,2024-06-27,Sugar,Grocery,Mumbai,1,399,399,Cash on Delivery,39,4.7
164,2024-04-03,Beverages,Drinks,Bangalore,7,289,2023,Debit Card,52,3.0
165,2024-01-29,Sugar,Grocery,Pune,10,65,650,Cash on Delivery,52,5.0
166,2024-01-26,Ice Cream,Frozen,Pune,11,392,4312,Cash on Delivery,44,3.2
167,2024-01-26,Frozen Food,Frozen,Chennai,10,642,6420,Wallet,54,3.1
168,2024-02-14,Eggs,Dairy,Ahmedabad,5,420,2100,Debit Card,58,3.1
169,2024-06-11,Eggs,Dairy,Chennai,11,343,3773,Cash on Delivery,57,5.0
170,2024-06-27,Snacks,Packaged Food,Ahmedabad,1,530,530,Debit Card,36,4.6
171,2024-06-30,Oil,Grocery,Bangalore,12,499,5988,Wallet,54,4.9
172,2024-04-06,Frozen Food,Frozen,Chennai,8,346,2768,Credit Card,52,4.6
173,2024-12-14,Pulses,Grocery,Bangalore,5,170,850,Credit Card,54,3.1
174,2024-02-12,Ice Cream,Frozen,Ahmedabad,7,794,5558,Debit Card,17,4.0
175,2024-02-28,Pulses,Grocery,Bangalore,9,702,6318,Wallet,44,3.1
176,2024-10-04,Pulses,Grocery,Hyderabad,7,579,4053,Debit Card,18,3.9
177,2024-02-09,Ice Cream,Frozen,Chennai,5,308,1540,Credit Card,10,3.7
178,2024-04-07,Oil,Grocery,Chennai,1,652,652,Cash on Delivery,26,4.8
179,2024-03-17,Sugar,Grocery,Hyderabad,1,442,442,Cash on Delivery,10,4.9
180,2024-01-06,Bread,Bakery,Ahmedabad,9,634,5706,Wallet,41,4.2
181,2024-01-26,Milk,Dairy,Kolkata,7,201,1407,Credit Card,21,4.7
182,2024-12-28,Pulses,Grocery,Delhi,12,77,924,UPI,22,4.5
183,2024-01-29,Milk,Dairy,Bangalore,5,102,510,Debit Card,28,3.9
184,2024-03-25,Frozen Food,Frozen,Bangalore,11,161,1771,Credit Card,20,5.0
185,2024-12-07,Rice,Grocery,Mumbai,8,727,5816,Credit Card,29,3.6
186,2024-07-26,Ice Cream,Frozen,Chennai,2,452,904,Debit Card,24,4.9
187,2024-02-18,Sugar,Grocery,Delhi,3,586,1758,UPI,42,3.3
188,2024-06-01,Pulses,Grocery,Ahmedabad,12,223,2676,Credit Card,37,4.9
189,2024-02-02,Milk,Dairy,Chennai,10,74,740,Cash on Delivery,34,4.5
190,2024-01-05,Atta,Grocery,Hyderabad,3,398,1194,Cash on Delivery,36,3.9
191,2024-04-27,Oil,Grocery,Kolkata,2,460,920,Debit Card,59,4.4
192,2024-11-21,Atta,Grocery,Pune,1,628,628,UPI,17,4.4
193,2024-05-22,Oil,Grocery,Chennai,12,84,1008,UPI,16,3.9
194,2024-01-18,Vegetables,Produce,Bangalore,5,245,1225,UPI,55,3.6
195,2024-09-28,Pulses,Grocery,Delhi,11,680,7480,Cash on Delivery,22,4.1
196,2024-09-15,Fruits,Produce,Pune,9,385,3465,UPI,39,4.6
197,2024-02-11,Beverages,Drinks,Kolkata,12,127,1524,Wallet,8,3.5
198,2024-04-06,Atta,Grocery,Mumbai,4,693,2772,Cash on Delivery,35,4.7
199,2024-10-04,Oil,Grocery,Pune,2,542,1084,Debit Card,33,3.2
200,2024-07-31,Ice Cream,Frozen,Ahmedabad,4,640,2560,Credit Card,29,3.6
201,2024-10-22,Oil,Grocery,Delhi,10,219,2190,Credit Card,52,4.9
202,2024-04-13,Pulses,Grocery,Pune,4,766,3064,UPI,41,3.4
203,2024-04-09,Rice,Grocery,Hyderabad,12,312,3744,Wallet,42,3.1
204,2024-04-01,Snacks,Packaged Food,Mumbai,5,761,3805,Credit Card,31,3.4
205,2024-10-12,Vegetables,Produce,Hyderabad,2,31,62,Debit Card,59,4.2
206,2024-09-30,Rice,Grocery,Pune,9,360,3240,UPI,49,3.3
207,2024-10-16,Atta,Grocery,Pune,11,504,5544,Wallet,30,5.0
208,2024-03-03,Fruits,Produce,Pune,12,426,5112,Credit Card,36,4.7
209,2024-09-25,Frozen Food,Frozen,Pune,2,725,1450,Credit Card,49,4.8
210,2024-04-12,Snacks,Packaged Food,Kolkata,9,756,6804,Debit Card,44,4.3
211,2024-12-22,Rice,Grocery,Kolkata,5,26,130,Credit Card,29,3.0
212,2024-02-02,Pulses,Grocery,Delhi,6,268,1608,Wallet,17,3.2
213,2024-08-08,Frozen Food,Frozen,Kolkata,1,761,761,Debit Card,24,4.8
214,2024-07-28,Bread,Bakery,Kolkata,2,218,436,UPI,51,3.1
215,2024-06-23,Snacks,Packaged Food,Bangalore,7,636,4452,Debit Card,20,3.0
216,2024-07-23,Fruits,Produce,Pune,2,63,126,UPI,30,3.6
217,2024-02-19,Snacks,Packaged Food,Kolkata,7,733,5131,Wallet,19,4.0
218,2024-03-03,Beverages,Drinks,Delhi,2,145,290,Cash on Delivery,45,4.4
219,2024-04-17,Bread,Bakery,Chennai,7,271,1897,UPI,18,3.5
220,2024-05-09,Fruits,Produce,Delhi,7,732,5124,Credit Card,59,4.3
221,2024-04-26,Oil,Grocery,Pune,5,301,1505,Credit Card,57,5.0
222,2024-05-20,Beverages,Drinks,Mumbai,5,320,1600,Wallet,31,3.8
223,2024-12-18,Pulses,Grocery,Chennai,11,106,1166,Debit Card,32,3.6
224,2024-03-14,Fruits,Produce,Pune,7,115,805,Cash on Delivery,36,5.0
225,2024-04-09,Sugar,Grocery,Delhi,2,367,734,Cash on Delivery,18,3.6
226,2024-02-02,Sugar,Grocery,Kolkata,8,76,608,UPI,17,4.7
227,2024-05-29,Eggs,Dairy,Pune,7,344,2408,UPI,14,4.1
228,2024-03-06,Snacks,Packaged Food,Bangalore,12,106,1272,Wallet,29,4.7
229,2024-02-10,Oil,Grocery,Delhi,3,225,675,Credit Card,46,4.6
230,2024-01-27,Pulses,Grocery,Ahmedabad,11,686,7546,Cash on Delivery,40,3.2
231,2024-03-09,Beverages,Drinks,Ahmedabad,2,121,242,UPI,13,3.1
232,2024-06-29,Vegetables,Produce,Delhi,3,127,381,Wallet,43,3.3
233,2024-10-05,Pulses,Grocery,Delhi,8,160,1280,Credit Card,27,3.8
234,2024-06-09,Fruits,Produce,Ahmedabad,10,181,1810,Credit Card,10,3.9
235,2024-07-19,Beverages,Drinks,Hyderabad,12,699,8388,Cash on Delivery,10,3.0
236,2024-10-02,Atta,Grocery,Chennai,7,614,4298,Wallet,55,4.3
237,2024-12-06,Milk,Dairy,Hyderabad,2,158,316,Wallet,49,4.8
238,2024-05-18,Atta,Grocery,Mumbai,4,165,660,UPI,59,4.7
239,2024-11-14,Atta,Grocery,Delhi,8,558,4464,Credit Card,58,3.4
240,2024-09-11,Vegetables,Produce,Ahmedabad,6,760,4560,Wallet,47,3.4
241,2024-02-06,Atta,Grocery,Hyderabad,10,793,7930,Cash on Delivery,21,3.5
242,2024-01-27,Atta,Grocery,Kolkata,9,673,6057,Debit Card,26,3.7
243,2024-08-22,Snacks,Packaged Food,Mumbai,12,727,8724,UPI,59,3.8
244,2024-01-10,Atta,Grocery,Ahmedabad,5,190,950,Debit Card,55,4.6
245,2024-02-18,Ice Cream,Frozen,Mumbai,6,51,306,Credit Card,48,3.2
246,2024-09-01,Rice,Grocery,Delhi,7,653,4571,Cash on Delivery,17,4.1
247,2024-10-07,Fruits,Produce,Ahmedabad,1,339,339,UPI,57,4.8
248,2024-06-22,Oil,Grocery,Ahmedabad,1,734,734,Cash on Delivery,10,3.8
249,2024-02-07,Oil,Grocery,Kolkata,9,635,5715,UPI,54,3.9
250,2024-01-23,Beverages,Drinks,Pune,8,612,4896,Debit Card,25,3.8
251,2024-02-26,Milk,Dairy,Hyderabad,9,781,7029,UPI,35,4.9
252,2024-08-15,Snacks,Packaged Food,Pune,1,735,735,Cash on Delivery,60,4.2
253,2024-09-01,Eggs,Dairy,Bangalore,4,271,1084,UPI,52,4.6
254,2024-11-20,Snacks,Packaged Food,Kolkata,9,239,2151,Debit Card,9,4.2
255,2024-08-22,Atta,Grocery,Hyderabad,3,293,879,Wallet,29,4.0
256,2024-07-26,Milk,Dairy,Mumbai,12,654,7848,Wallet,60,4.3
257,2024-06-26,Eggs,Dairy,Hyderabad,3,746,2238,Debit Card,16,3.9
258,2024-01-28,Rice,Grocery,Hyderabad,10,57,570,Cash on Delivery,26,4.4
259,2024-05-15,Atta,Grocery,Ahmedabad,12,164,1968,Debit Card,28,4.3
260,2024-09-03,Snacks,Packaged Food,Kolkata,5,287,1435,Credit Card,29,3.3
261,2024-01-25,Oil,Grocery,Chennai,3,170,510,Cash on Delivery,45,4.7
262,2024-11-08,Oil,Grocery,Mumbai,6,218,1308,Wallet,38,3.8
263,2024-11-26,Atta,Grocery,Delhi,3,689,2067,Cash on Delivery,11,4.9
264,2024-08-04,Fruits,Produce,Kolkata,5,405,2025,Cash on Delivery,58,4.9
265,2024-11-13,Ice Cream,Frozen,Kolkata,4,234,936,Wallet,59,3.5
266,2024-07-31,Frozen Food,Frozen,Kolkata,9,510,4590,Credit Card,47,4.6
267,2024-08-14,Oil,Grocery,Hyderabad,11,616,6776,Wallet,45,3.7
268,2024-11-21,Rice,Grocery,Chennai,12,760,9120,Wallet,34,4.9
269,2024-04-12,Sugar,Grocery,Chennai,1,418,418,Cash on Delivery,25,3.5
270,2024-05-09,Oil,Grocery,Kolkata,7,365,2555,Debit Card,52,4.0
271,2024-08-16,Beverages,Drinks,Pune,2,583,1166,UPI,9,4.3
272,2024-04-18,Frozen Food,Frozen,Pune,9,707,6363,Cash on Delivery,19,3.6
273,2024-09-17,Atta,Grocery,Delhi,8,238,1904,Cash on Delivery,46,3.3
274,2024-01-16,Beverages,Drinks,Pune,7,121,847,Debit Card,17,4.7
275,2024-09-02,Fruits,Produce,Kolkata,10,546,5460,Cash on Delivery,59,3.9
276,2024-06-01,Atta,Grocery,Chennai,8,464,3712,Cash on Delivery,57,4.7
277,2024-07-27,Fruits,Produce,Bangalore,9,676,6084,Wallet,39,3.4
278,2024-08-15,Ice Cream,Frozen,Kolkata,4,225,900,Credit Card,43,3.5
279,2024-08-12,Oil,Grocery,Delhi,2,190,380,Credit Card,26,4.0
280,2024-09-21,Rice,Grocery,Delhi,6,500,3000,Wallet,24,4.1
281,2024-02-24,Snacks,Packaged Food,Hyderabad,12,139,1668,Credit Card,18,3.3
282,2024-01-04,Bread,Bakery,Hyderabad,4,736,2944,Credit Card,53,3.5
283,2024-03-11,Snacks,Packaged Food,Pune,1,622,622,Wallet,17,4.2
284,2024-11-03,Vegetables,Produce,Delhi,8,583,4664,Wallet,19,3.5
285,2024-04-24,Frozen Food,Frozen,Chennai,3,250,750,Credit Card,19,3.7
286,2024-11-08,Rice,Grocery,Chennai,9,403,3627,Wallet,44,4.0
287,2024-08-15,Atta,Grocery,Ahmedabad,11,790,8690,Wallet,45,4.2
288,2024-03-09,Atta,Grocery,Kolkata,5,681,3405,Cash on Delivery,29,3.6
289,2024-03-02,Sugar,Grocery,Delhi,3,271,813,Cash on Delivery,8,4.0
290,2024-05-06,Milk,Dairy,Chennai,8,672,5376,Credit Card,56,3.9
291,2024-07-27,Snacks,Packaged Food,Chennai,1,121,121,UPI,55,3.0
292,2024-03-27,Oil,Grocery,Kolkata,10,559,5590,UPI,11,3.1
293,2024-01-08,Beverages,Drinks,Pune,12,551,6612,Cash on Delivery,14,3.4
294,2024-11-27,Eggs,Dairy,Chennai,1,495,495,Credit Card,8,3.7
295,2024-03-09,Frozen Food,Frozen,Mumbai,6,303,1818,Credit Card,10,4.3
296,2024-06-25,Vegetables,Produce,Ahmedabad,11,59,649,Debit Card,33,3.2
297,2024-12-13,Atta,Grocery,Kolkata,8,270,2160,Wallet,20,4.8
298,2024-07-18,Rice,Grocery,Chennai,9,654,5886,Wallet,29,4.5
299,2024-03-07,Snacks,Packaged Food,Ahmedabad,7,618,4326,Cash on Delivery,20,4.5
300,2024-05-02,Rice,Grocery,Ahmedabad,8,118,944,Wallet,32,4.9
301,2024-07-24,Sugar,Grocery,Delhi,4,219,876,Cash on Delivery,26,4.9
302,2024-08-25,Eggs,Dairy,Mumbai,5,694,3470,Cash on Delivery,13,3.5
303,2024-08-31,Ice Cream,Frozen,Hyderabad,2,112,224,Debit Card,56,4.9
304,2024-11-24,Milk,Dairy,Hyderabad,1,649,649,Debit Card,47,3.2
305,2024-08-09,Eggs,Dairy,Bangalore,12,754,9048,Wallet,35,3.5
306,2024-06-21,Milk,Dairy,Delhi,3,691,2073,UPI,33,4.9
307,2024-09-10,Pulses,Grocery,Mumbai,4,235,940,Cash on Delivery,43,4.0
308,2024-04-05,Oil,Grocery,Bangalore,2,117,234,UPI,53,4.4
309,2024-10-16,Beverages,Drinks,Hyderabad,2,624,1248,Credit Card,25,4.8
310,2024-04-16,Snacks,Packaged Food,Ahmedabad,1,112,112,Wallet,11,3.5
311,2024-04-11,Sugar,Grocery,Pune,12,548,6576,Credit Card,50,3.2
312,2024-10-15,Atta,Grocery,Chennai,11,582,6402,Debit Card,28,3.5
313,2024-11-24,Pulses,Grocery,Mumbai,8,62,496,Credit Card,54,3.5
314,2024-12-30,Rice,Grocery,Bangalore,12,137,1644,Wallet,27,3.5
315,2024-03-20,Eggs,Dairy,Bangalore,3,797,2391,Credit Card,48,3.7
316,2024-06-15,Bread,Bakery,Kolkata,6,133,798,Credit Card,14,4.3
317,2024-06-20,Frozen Food,Frozen,Kolkata,7,135,945,Debit Card,11,4.0
318,2024-06-18,Vegetables,Produce,Pune,8,84,672,Wallet,38,3.5
319,2024-06-09,Fruits,Produce,Bangalore,11,663,7293,Wallet,21,4.5
320,2024-12-16,Rice,Grocery,Pune,6,125,750,Credit Card,59,4.6
321,2024-06-12,Snacks,Packaged Food,Kolkata,11,563,6193,Wallet,8,3.5
322,2024-09-10,Fruits,Produce,Bangalore,6,247,1482,Wallet,42,4.5
323,2024-12-23,Snacks,Packaged Food,Hyderabad,7,668,4676,Cash on Delivery,30,3.6
324,2024-03-28,Rice,Grocery,Pune,1,578,578,UPI,23,3.3
325,2024-01-15,Atta,Grocery,Pune,8,554,4432,Wallet,37,4.5
326,2024-08-21,Oil,Grocery,Hyderabad,12,370,4440,UPI,28,4.2
327,2024-06-10,Fruits,Produce,Delhi,12,71,852,Debit Card,39,3.7
328,2024-12-08,Frozen Food,Frozen,Delhi,11,588,6468,Credit Card,29,3.4
329,2024-09-27,Milk,Dairy,Pune,9,651,5859,Cash on Delivery,55,3.4
330,2024-12-06,Bread,Bakery,Chennai,10,405,4050,UPI,33,4.6
331,2024-05-12,Sugar,Grocery,Ahmedabad,1,76,76,Cash on Delivery,15,3.5
332,2024-02-16,Pulses,Grocery,Delhi,11,230,2530,UPI,53,3.9
333,2024-03-26,Fruits,Produce,Chennai,5,612,3060,Debit Card,25,4.6
334,2024-08-30,Oil,Grocery,Delhi,9,644,5796,Credit Card,47,4.1
335,2024-03-01,Vegetables,Produce,Bangalore,7,416,2912,UPI,53,3.3
336,2024-04-16,Rice,Grocery,Bangalore,9,178,1602,UPI,40,3.5
337,2024-11-04,Eggs,Dairy,Chennai,5,615,3075,Credit Card,25,3.7
338,2024-01-25,Oil,Grocery,Mumbai,2,353,706,Cash on Delivery,23,3.2
339,2024-12-05,Bread,Bakery,Delhi,6,279,1674,Wallet,56,4.6
340,2024-11-17,Vegetables,Produce,Chennai,9,478,4302,Credit Card,49,4.6
341,2024-07-28,Frozen Food,Frozen,Kolkata,8,730,5840,Wallet,39,3.6
342,2024-02-12,Eggs,Dairy,Chennai,12,503,6036,Wallet,10,3.2
343,2024-07-02,Oil,Grocery,Pune,10,517,5170,UPI,42,4.1
344,2024-02-12,Pulses,Grocery,Pune,8,534,4272,UPI,8,4.7
345,2024-06-15,Beverages,Drinks,Mumbai,6,335,2010,Cash on Delivery,23,4.9
346,2024-11-13,Milk,Dairy,Kolkata,9,246,2214,Wallet,39,3.8
347,2024-09-12,Oil,Grocery,Chennai,3,692,2076,Credit Card,57,3.8
348,2024-04-10,Milk,Dairy,Hyderabad,7,51,357,Credit Card,16,4.2
349,2024-06-30,Vegetables,Produce,Chennai,4,516,2064,Debit Card,49,4.5
350,2024-08-14,Atta,Grocery,Chennai,6,138,828,Credit Card,50,3.5
351,2024-10-08,Rice,Grocery,Hyderabad,10,171,1710,UPI,38,3.3
352,2024-09-01,Snacks,Packaged Food,Mumbai,2,329,658,Cash on Delivery,26,3.1
353,2024-04-08,Bread,Bakery,Pune,4,96,384,Credit Card,20,4.8
354,2024-08-04,Milk,Dairy,Chennai,11,733,8063,Wallet,25,4.4
355,2024-05-31,Pulses,Grocery,Mumbai,12,176,2112,Cash on Delivery,29,4.9
356,2024-12-09,Fruits,Produce,Pune,7,360,2520,Credit Card,21,4.3
357,2024-11-28,Eggs,Dairy,Pune,2,518,1036,Wallet,49,3.8
358,2024-08-18,Eggs,Dairy,Mumbai,8,55,440,UPI,46,4.3
359,2024-06-01,Atta,Grocery,Mumbai,12,339,4068,Debit Card,10,4.4
360,2024-03-01,Atta,Grocery,Hyderabad,6,314,1884,UPI,37,3.9
361,2024-08-16,Milk,Dairy,Ahmedabad,3,482,1446,Debit Card,59,3.8
362,2024-06-17,Eggs,Dairy,Ahmedabad,4,578,2312,Cash on Delivery,48,3.2
363,2024-06-14,Eggs,Dairy,Delhi,2,121,242,Wallet,12,4.0
364,2024-08-31,Oil,Grocery,Ahmedabad,5,579,2895,Cash on Delivery,30,4.4
365,2024-09-28,Snacks,Packaged Food,Chennai,1,505,505,Cash on Delivery,17,3.3
366,2024-03-22,Snacks,Packaged Food,Ahmedabad,11,766,8426,Credit Card,16,3.6
367,2024-03-30,Fruits,Produce,Pune,5,592,2960,Cash on Delivery,46,3.8
368,2024-08-07,Bread,Bakery,Delhi,2,204,408,Wallet,25,4.4
369,2024-10-10,Rice,Grocery,Ahmedabad,3,109,327,Cash on Delivery,58,4.9
370,2024-08-15,Atta,Grocery,Ahmedabad,7,795,5565,Debit Card,57,3.5
371,2024-01-21,Snacks,Packaged Food,Hyderabad,3,515,1545,UPI,11,3.1
372,2024-05-31,Sugar,Grocery,Kolkata,9,546,4914,Credit Card,18,3.8
373,2024-08-16,Vegetables,Produce,Delhi,10,476,4760,UPI,20,3.2
374,2024-06-16,Bread,Bakery,Chennai,1,103,103,UPI,55,4.5
375,2024-11-17,Sugar,Grocery,Ahmedabad,7,356,2492,Credit Card,52,3.6
376,2024-06-29,Pulses,Grocery,Mumbai,4,72,288,Credit Card,57,3.0
377,2024-11-16,Ice Cream,Frozen,Kolkata,6,770,4620,Cash on Delivery,41,4.3
378,2024-12-06,Atta,Grocery,Hyderabad,3,272,816,UPI,45,3.0
379,2024-01-16,Frozen Food,Frozen,Bangalore,11,411,4521,Cash on Delivery,32,3.6
380,2024-08-15,Milk,Dairy,Bangalore,10,644,6440,Wallet,45,4.3
381,2024-05-31,Eggs,Dairy,Ahmedabad,12,569,6828,UPI,30,4.3
382,2024-03-06,Eggs,Dairy,Chennai,6,672,4032,UPI,57,4.6
383,2024-01-28,Oil,Grocery,Ahmedabad,7,165,1155,Credit Card,36,3.7
384,2024-04-26,Atta,Grocery,Hyderabad,2,428,856,Cash on Delivery,13,3.8
385,2024-06-30,Ice Cream,Frozen,Delhi,6,378,2268,Credit Card,48,4.0
386,2024-05-06,Snacks,Packaged Food,Hyderabad,12,367,4404,Wallet,48,3.1
387,2024-01-14,Sugar,Grocery,Ahmedabad,3,598,1794,Cash on Delivery,29,5.0
388,2024-02-23,Eggs,Dairy,Chennai,5,478,2390,UPI,52,4.1
389,2024-09-17,Frozen Food,Frozen,Delhi,8,136,1088,Debit Card,32,4.1
390,2024-06-24,Eggs,Dairy,Bangalore,7,450,3150,Credit Card,20,4.4
391,2024-08-26,Rice,Grocery,Ahmedabad,6,57,342,Wallet,42,4.2
392,2024-04-14,Bread,Bakery,Bangalore,12,635,7620,Debit Card,48,4.8
393,2024-12-10,Bread,Bakery,Pune,4,178,712,Credit Card,59,3.7
394,2024-12-08,Bread,Bakery,Pune,10,464,4640,Cash on Delivery,54,3.8
395,2024-02-20,Beverages,Drinks,Bangalore,3,334,1002,Cash on Delivery,13,3.4
396,2024-06-15,Atta,Grocery,Mumbai,12,329,3948,Cash on Delivery,42,4.1
397,2024-05-26,Vegetables,Produce,Chennai,5,304,1520,Wallet,43,4.2
398,2024-02-08,Bread,Bakery,Bangalore,5,489,2445,UPI,8,4.8
399,2024-08-12,Ice Cream,Frozen,Kolkata,5,148,740,Cash on Delivery,54,4.8
400,2024-04-14,Fruits,Produce,Bangalore,12,667,8004,Wallet,45,3.7
401,2024-03-07,Frozen Food,Frozen,Bangalore,6,319,1914,Debit Card,32,3.5
402,2024-03-22,Beverages,Drinks,Pune,4,357,1428,UPI,46,4.3
403,2024-01-14,Eggs,Dairy,Bangalore,7,297,2079,Wallet,23,3.8
404,2024-11-21,Fruits,Produce,Kolkata,5,285,1425,Credit Card,25,3.8
405,2024-05-13,Eggs,Dairy,Bangalore,6,219,1314,Debit Card,42,4.2
406,2024-03-09,Ice Cream,Frozen,Pune,8,639,5112,Credit Card,57,4.6
407,2024-05-06,Eggs,Dairy,Delhi,1,227,227,Credit Card,38,3.1
408,2024-10-04,Eggs,Dairy,Pune,2,151,302,UPI,59,5.0
409,2024-09-25,Beverages,Drinks,Bangalore,8,632,5056,Cash on Delivery,12,3.9
410,2024-11-19,Beverages,Drinks,Hyderabad,11,89,979,Debit Card,56,3.6
411,2024-10-10,Pulses,Grocery,Kolkata,5,690,3450,Cash on Delivery,18,4.7
412,2024-11-01,Milk,Dairy,Hyderabad,4,326,1304,Wallet,48,3.9
413,2024-11-08,Ice Cream,Frozen,Hyderabad,3,165,495,Debit Card,35,4.0
414,2024-07-03,Eggs,Dairy,Ahmedabad,11,367,4037,Cash on Delivery,31,4.8
415,2024-04-23,Milk,Dairy,Bangalore,12,457,5484,Wallet,29,3.9
416,2024-07-15,Rice,Grocery,Chennai,7,414,2898,Debit Card,54,3.5
417,2024-05-29,Fruits,Produce,Pune,11,605,6655,UPI,49,3.3
418,2024-02-26,Milk,Dairy,Mumbai,4,140,560,Cash on Delivery,54,4.0
419,2024-01-13,Frozen Food,Frozen,Kolkata,11,196,2156,Credit Card,30,4.9
420,2024-07-07,Eggs,Dairy,Pune,1,267,267,UPI,11,4.5
421,2024-05-27,Sugar,Grocery,Chennai,2,514,1028,Debit Card,56,4.2
422,2024-11-07,Milk,Dairy,Bangalore,7,403,2821,Credit Card,52,4.7
423,2024-12-20,Fruits,Produce,Chennai,4,716,2864,Cash on Delivery,16,3.9
424,2024-08-21,Frozen Food,Frozen,Kolkata,2,553,1106,Cash on Delivery,30,4.2
425,2024-08-28,Milk,Dairy,Kolkata,12,354,4248,Cash on Delivery,51,3.4
426,2024-05-25,Rice,Grocery,Chennai,12,688,8256,Wallet,46,4.0
427,2024-05-07,Oil,Grocery,Bangalore,11,492,5412,UPI,10,4.8
428,2024-12-13,Oil,Grocery,Ahmedabad,1,726,726,Cash on Delivery,16,4.9
429,2024-04-01,Sugar,Grocery,Delhi,11,664,7304,UPI,14,4.6
430,2024-04-21,Rice,Grocery,Pune,4,99,396,Wallet,49,4.2
431,2024-11-29,Bread,Bakery,Bangalore,5,535,2675,Credit Card,44,3.5
432,2024-10-05,Sugar,Grocery,Kolkata,8,527,4216,Cash on Delivery,38,3.6
433,2024-11-01,Pulses,Grocery,Bangalore,11,633,6963,Wallet,21,5.0
434,2024-03-09,Bread,Bakery,Chennai,4,405,1620,UPI,13,3.9
435,2024-11-07,Vegetables,Produce,Delhi,2,787,1574,Credit Card,60,3.2
436,2024-06-15,Vegetables,Produce,Hyderabad,5,59,295,Credit Card,36,3.3
437,2024-07-03,Vegetables,Produce,Bangalore,7,480,3360,Credit Card,48,4.6
438,2024-02-22,Beverages,Drinks,Hyderabad,11,429,4719,UPI,31,4.4
439,2024-04-20,Sugar,Grocery,Delhi,12,682,8184,Credit Card,18,3.3
440,2024-11-04,Bread,Bakery,Pune,12,195,2340,Wallet,43,4.8
441,2024-08-19,Fruits,Produce,Chennai,6,704,4224,Debit Card,15,4.7
442,2024-06-09,Frozen Food,Frozen,Kolkata,5,189,945,Credit Card,39,4.1
443,2024-08-19,Pulses,Grocery,Ahmedabad,11,148,1628,Credit Card,52,4.6
444,2024-12-14,Pulses,Grocery,Ahmedabad,4,608,2432,Cash on Delivery,35,3.5
445,2024-09-06,Vegetables,Produce,Kolkata,4,29,116,UPI,26,4.5
446,2024-01-07,Oil,Grocery,Bangalore,11,719,7909,Wallet,11,3.7
447,2024-04-04,Beverages,Drinks,Bangalore,2,211,422,Wallet,20,4.8
448,2024-08-18,Fruits,Produce,Kolkata,11,59,649,Credit Card,25,4.7
449,2024-05-14,Milk,Dairy,Mumbai,1,688,688,Debit Card,50,3.5
450,2024-09-07,Rice,Grocery,Ahmedabad,5,328,1640,Debit Card,53,4.4
451,2024-07-27,Beverages,Drinks,Ahmedabad,8,341,2728,Credit Card,58,4.2
452,2024-03-01,Beverages,Drinks,Ahmedabad,9,688,6192,Debit Card,60,3.7
453,2024-12-14,Frozen Food,Frozen,Chennai,5,545,2725,UPI,40,3.3
454,2024-08-18,Pulses,Grocery,Bangalore,8,538,4304,Credit Card,16,3.7
455,2024-09-17,Bread,Bakery,Delhi,4,129,516,Cash on Delivery,20,4.1
456,2024-05-24,Eggs,Dairy,Chennai,2,145,290,Debit Card,50,3.7
457,2024-12-11,Rice,Grocery,Delhi,10,609,6090,Wallet,32,4.1
458,2024-03-30,Milk,Dairy,Pune,12,637,7644,Cash on Delivery,27,4.7
459,2024-01-15,Fruits,Produce,Mumbai,1,167,167,Wallet,51,4.8
460,2024-08-12,Milk,Dairy,Mumbai,11,44,484,UPI,58,4.2
461,2024-07-31,Fruits,Produce,Pune,6,78,468,Wallet,41,3.2
462,2024-08-30,Eggs,Dairy,Pune,4,790,3160,Wallet,11,4.0
463,2024-01-16,Sugar,Grocery,Pune,6,572,3432,Cash on Delivery,38,4.9
464,2024-04-30,Beverages,Drinks,Kolkata,4,271,1084,UPI,32,4.9
465,2024-01-16,Atta,Grocery,Ahmedabad,6,172,1032,Credit Card,20,4.0
466,2024-02-29,Vegetables,Produce,Ahmedabad,5,325,1625,UPI,12,4.3
467,2024-07-17,Sugar,Grocery,Ahmedabad,4,394,1576,UPI,26,4.3
468,2024-04-10,Rice,Grocery,Hyderabad,12,102,1224,UPI,51,3.7
469,2024-06-19,Milk,Dairy,Chennai,1,446,446,UPI,35,4.4
470,2024-03-24,Milk,Dairy,Kolkata,1,508,508,UPI,36,3.5
471,2024-12-29,Milk,Dairy,Ahmedabad,11,401,4411,Credit Card,11,4.8
472,2024-01-13,Oil,Grocery,Kolkata,7,695,4865,Credit Card,58,3.4
473,2024-12-10,Beverages,Drinks,Pune,9,599,5391,Wallet,49,3.7
474,2024-08-16,Eggs,Dairy,Mumbai,7,378,2646,UPI,29,4.9
475,2024-04-10,Rice,Grocery,Hyderabad,11,389,4279,Wallet,37,3.9
476,2024-03-06,Atta,Grocery,Delhi,4,709,2836,Wallet,39,3.5
477,2024-11-06,Ice Cream,Frozen,Delhi,2,238,476,UPI,55,4.8
478,2024-03-17,Eggs,Dairy,Chennai,5,82,410,Debit Card,50,3.9
479,2024-10-04,Ice Cream,Frozen,Delhi,12,137,1644,Credit Card,20,3.2
480,2024-01-19,Rice,Grocery,Kolkata,12,60,720,Cash on Delivery,55,3.2
481,2024-07-11,Ice Cream,Frozen,Delhi,4,64,256,Wallet,27,4.2
482,2024-05-27,Ice Cream,Frozen,Mumbai,8,627,5016,Wallet,16,3.7
483,2024-10-18,Milk,Dairy,Ahmedabad,6,343,2058,Wallet,55,4.0
484,2024-12-02,Pulses,Grocery,Chennai,8,276,2208,Wallet,52,4.7
485,2024-02-20,Pulses,Grocery,Kolkata,4,693,2772,Debit Card,14,3.4
486,2024-10-22,Rice,Grocery,Chennai,6,491,2946,Cash on Delivery,24,3.2
487,2024-04-25,Vegetables,Produce,Pune,2,147,294,Debit Card,28,4.4
488,2024-05-12,Fruits,Produce,Kolkata,2,405,810,Credit Card,14,4.1
489,2024-10-15,Frozen Food,Frozen,Hyderabad,3,780,2340,Credit Card,19,3.5
490,2024-06-12,Ice Cream,Frozen,Bangalore,2,238,476,Cash on Delivery,30,3.5
491,2024-05-26,Bread,Bakery,Hyderabad,3,738,2214,Wallet,51,4.9
492,2024-06-25,Bread,Bakery,Bangalore,10,134,1340,Wallet,25,4.8
493,2024-08-03,Fruits,Produce,Kolkata,9,283,2547,Credit Card,46,4.8
494,2024-02-09,Oil,Grocery,Kolkata,7,119,833,Cash on Delivery,16,3.4
495,2024-05-29,Snacks,Packaged Food,Bangalore,7,285,1995,UPI,9,4.2
496,2024-09-11,Bread,Bakery,Mumbai,6,720,4320,Wallet,21,4.9
497,2024-08-12,Bread,Bakery,Delhi,10,417,4170,Cash on Delivery,26,3.1
498,2024-05-29,Pulses,Grocery,Hyderabad,3,30,90,Debit Card,50,4.4
499,2024-05-22,Fruits,Produce,Delhi,10,119,1190,Debit Card,44,4.8
500,2024-01-07,Oil,Grocery,Mumbai,4,36,144,Wallet,23,3.7
501,2024-07-28,Frozen Food,Frozen,Delhi,4,448,1792,Debit Card,20,4.6
502,2024-11-25,Beverages,Drinks,Pune,4,583,2332,UPI,16,4.0
503,2024-07-29,Atta,Grocery,Hyderabad,8,702,5616,Wallet,8,3.8
504,2024-10-02,Snacks,Packaged Food,Chennai,4,412,1648,UPI,51,4.9
505,2024-09-09,Snacks,Packaged Food,Mumbai,2,595,1190,Wallet,50,3.4
506,2024-11-22,Vegetables,Produce,Ahmedabad,4,61,244,Wallet,41,3.4
507,2024-04-04,Snacks,Packaged Food,Bangalore,3,569,1707,Credit Card,19,3.6
508,2024-07-06,Sugar,Grocery,Kolkata,7,56,392,Debit Card,54,4.6
509,2024-01-12,Bread,Bakery,Ahmedabad,8,96,768,Credit Card,10,4.6
510,2024-10-07,Bread,Bakery,Kolkata,9,326,2934,Wallet,51,3.9
511,2024-06-08,Pulses,Grocery,Delhi,7,196,1372,Wallet,59,4.8
512,2024-07-13,Pulses,Grocery,Delhi,11,449,4939,Cash on Delivery,44,4.1
513,2024-10-05,Bread,Bakery,Pune,12,606,7272,Debit Card,52,3.1
514,2024-08-25,Rice,Grocery,Hyderabad,9,212,1908,Credit Card,55,4.4
515,2024-08-24,Frozen Food,Frozen,Mumbai,5,82,410,Cash on Delivery,8,4.8
516,2024-03-31,Fruits,Produce,Delhi,3,515,1545,Debit Card,46,4.7
517,2024-09-19,Fruits,Produce,Hyderabad,5,462,2310,Wallet,35,3.7
518,2024-03-29,Beverages,Drinks,Kolkata,12,759,9108,Credit Card,24,5.0
519,2024-11-08,Eggs,Dairy,Mumbai,3,390,1170,Debit Card,43,3.4
520,2024-07-15,Ice Cream,Frozen,Hyderabad,11,316,3476,UPI,58,4.6
521,2024-02-03,Frozen Food,Frozen,Mumbai,1,206,206,Wallet,12,3.2
522,2024-02-27,Eggs,Dairy,Mumbai,3,708,2124,Debit Card,20,4.3
523,2024-08-01,Pulses,Grocery,Ahmedabad,7,189,1323,Debit Card,27,3.6
524,2024-08-11,Ice Cream,Frozen,Delhi,2,334,668,UPI,50,4.0
525,2024-08-26,Sugar,Grocery,Bangalore,6,243,1458,Debit Card,27,3.8
526,2024-07-09,Sugar,Grocery,Kolkata,8,646,5168,Cash on Delivery,53,3.6
527,2024-11-22,Frozen Food,Frozen,Bangalore,3,374,1122,Credit Card,54,3.1
528,2024-07-25,Sugar,Grocery,Chennai,8,586,4688,Wallet,55,3.5
529,2024-12-30,Fruits,Produce,Pune,12,444,5328,Cash on Delivery,43,3.1
530,2024-06-11,Fruits,Produce,Hyderabad,8,303,2424,Cash on Delivery,10,4.1
531,2024-10-08,Atta,Grocery,Hyderabad,3,610,1830,UPI,19,4.2
532,2024-10-12,Bread,Bakery,Pune,5,528,2640,UPI,40,3.8
533,2024-02-23,Pulses,Grocery,Hyderabad,8,416,3328,UPI,43,4.6
534,2024-10-10,Fruits,Produce,Kolkata,9,90,810,UPI,18,4.0
535,2024-03-23,Frozen Food,Frozen,Pune,7,478,3346,Wallet,26,3.4
536,2024-12-03,Fruits,Produce,Ahmedabad,5,272,1360,Credit Card,59,3.9
537,2024-03-22,Sugar,Grocery,Delhi,7,242,1694,Debit Card,30,3.5
538,2024-11-12,Eggs,Dairy,Chennai,3,280,840,Cash on Delivery,58,3.5
539,2024-06-24,Snacks,Packaged Food,Pune,1,710,710,UPI,50,4.3
540,2024-11-01,Oil,Grocery,Delhi,10,217,2170,Cash on Delivery,40,4.9
541,2024-03-11,Sugar,Grocery,Mumbai,9,211,1899,Debit Card,51,4.4
542,2024-02-03,Ice Cream,Frozen,Mumbai,10,536,5360,Wallet,37,3.5
543,2024-03-13,Atta,Grocery,Kolkata,7,746,5222,Wallet,35,3.4
544,2024-09-02,Bread,Bakery,Bangalore,6,650,3900,Debit Card,26,3.9
545,2024-02-15,Sugar,Grocery,Delhi,1,796,796,Cash on Delivery,18,4.6
546,2024-08-03,Oil,Grocery,Bangalore,10,69,690,Credit Card,8,3.5
547,2024-09-28,Atta,Grocery,Ahmedabad,9,149,1341,Credit Card,40,3.9
548,2024-10-27,Oil,Grocery,Bangalore,2,472,944,Wallet,17,3.8
549,2024-09-25,Ice Cream,Frozen,Bangalore,8,245,1960,Wallet,40,4.5
550,2024-04-27,Fruits,Produce,Kolkata,7,333,2331,Credit Card,42,4.6
551,2024-09-25,Oil,Grocery,Hyderabad,7,705,4935,UPI,14,4.6
552,2024-05-02,Atta,Grocery,Kolkata,3,157,471,Cash on Delivery,60,3.9
553,2024-12-04,Rice,Grocery,Bangalore,5,393,1965,Debit Card,40,4.2
554,2024-12-04,Pulses,Grocery,Bangalore,6,613,3678,Cash on Delivery,14,3.3
555,2024-12-12,Frozen Food,Frozen,Kolkata,7,330,2310,Credit Card,10,4.1
556,2024-07-24,Sugar,Grocery,Hyderabad,5,435,2175,Cash on Delivery,51,3.4
557,2024-01-14,Vegetables,Produce,Chennai,10,69,690,Wallet,58,3.2
558,2024-10-14,Frozen Food,Frozen,Pune,11,369,4059,UPI,59,3.5
559,2024-01-12,Atta,Grocery,Hyderabad,11,70,770,Cash on Delivery,57,3.8
560,2024-01-31,Sugar,Grocery,Ahmedabad,3,326,978,Cash on Delivery,30,3.7
561,2024-07-06,Milk,Dairy,Delhi,5,514,2570,Cash on Delivery,50,4.4
562,2024-12-09,Fruits,Produce,Chennai,2,312,624,UPI,47,4.4
563,2024-11-09,Rice,Grocery,Ahmedabad,1,270,270,Cash on Delivery,38,3.8
564,2024-03-19,Eggs,Dairy,Chennai,2,645,1290,Wallet,46,3.2
565,2024-08-30,Frozen Food,Frozen,Bangalore,8,447,3576,Cash on Delivery,48,3.0
566,2024-12-25,Rice,Grocery,Delhi,11,249,2739,Debit Card,21,3.8
567,2024-08-08,Oil,Grocery,Chennai,9,237,2133,Credit Card,33,4.6
568,2024-06-18,Atta,Grocery,Ahmedabad,9,344,3096,Debit Card,59,4.8
569,2024-08-12,Fruits,Produce,Bangalore,7,143,1001,Cash on Delivery,53,4.7
570,2024-06-16,Bread,Bakery,Chennai,6,291,1746,Wallet,41,3.4
571,2024-04-16,Atta,Grocery,Chennai,9,262,2358,UPI,20,3.7
572,2024-04-27,Frozen Food,Frozen,Ahmedabad,3,621,1863,Debit Card,35,4.6
573,2024-03-13,Milk,Dairy,Mumbai,5,115,575,Credit Card,22,3.3
574,2024-05-07,Snacks,Packaged Food,Chennai,6,289,1734,Debit Card,53,3.7
575,2024-06-28,Ice Cream,Frozen,Mumbai,5,299,1495,UPI,12,4.0
576,2024-03-19,Snacks,Packaged Food,Pune,1,520,520,Credit Card,14,3.8
577,2024-10-26,Atta,Grocery,Chennai,5,389,1945,Wallet,55,4.6
578,2024-03-08,Pulses,Grocery,Delhi,3,426,1278,Wallet,59,3.2
579,2024-01-28,Eggs,Dairy,Mumbai,1,204,204,Credit Card,46,4.2
580,2024-10-21,Rice,Grocery,Mumbai,6,288,1728,Wallet,60,4.3
581,2024-06-06,Beverages,Drinks,Delhi,12,306,3672,Wallet,21,3.9
582,2024-01-09,Vegetables,Produce,Mumbai,8,154,1232,Debit Card,57,3.9
583,2024-01-21,Snacks,Packaged Food,Delhi,2,749,1498,Credit Card,10,4.2
584,2024-12-28,Beverages,Drinks,Bangalore,11,48,528,Credit Card,47,3.6
585,2024-12-01,Milk,Dairy,Mumbai,11,487,5357,Debit Card,52,3.4
586,2024-04-17,Bread,Bakery,Pune,8,620,4960,UPI,36,3.7
587,2024-09-02,Sugar,Grocery,Pune,10,404,4040,Credit Card,55,4.3
588,2024-04-18,Beverages,Drinks,Ahmedabad,5,616,3080,Wallet,46,3.7
589,2024-09-21,Rice,Grocery,Ahmedabad,12,405,4860,UPI,57,4.5
590,2024-05-08,Frozen Food,Frozen,Ahmedabad,9,514,4626,Cash on Delivery,26,3.2
591,2024-11-24,Sugar,Grocery,Bangalore,12,220,2640,Wallet,39,4.2
592,2024-06-29,Atta,Grocery,Mumbai,2,228,456,Debit Card,31,3.8
593,2024-04-27,Atta,Grocery,Bangalore,8,644,5152,UPI,23,4.5
594,2024-04-04,Rice,Grocery,Bangalore,2,687,1374,Debit Card,35,3.5
595,2024-09-10,Rice,Grocery,Pune,12,25,300,Cash on Delivery,44,4.7
596,2024-10-06,Eggs,Dairy,Bangalore,7,56,392,Debit Card,42,5.0
597,2024-05-14,Ice Cream,Frozen,Ahmedabad,9,27,243,UPI,60,3.6
598,2024-05-28,Snacks,Packaged Food,Hyderabad,10,38,380,Credit Card,50,4.1
599,2024-01-25,Pulses,Grocery,Kolkata,8,481,3848,Wallet,24,4.2
600,2024-01-10,Snacks,Packaged Food,Pune,10,115,1150,UPI,19,4.2
601,2024-02-02,Fruits,Produce,Delhi,4,524,2096,Credit Card,47,4.5
602,2024-05-24,Atta,Grocery,Ahmedabad,12,646,7752,Credit Card,33,4.9
603,2024-06-15,Ice Cream,Frozen,Chennai,7,330,2310,Cash on Delivery,35,4.9
604,2024-09-06,Pulses,Grocery,Ahmedabad,2,513,1026,Credit Card,51,4.3
605,2024-04-24,Oil,Grocery,Mumbai,4,317,1268,Wallet,21,4.9
606,2024-05-29,Bread,Bakery,Chennai,12,680,8160,UPI,24,3.2
607,2024-06-23,Rice,Grocery,Mumbai,5,767,3835,Wallet,52,3.3
608,2024-11-29,Frozen Food,Frozen,Hyderabad,3,23,69,Credit Card,17,3.6
609,2024-11-06,Sugar,Grocery,Pune,11,121,1331,Credit Card,15,4.0
610,2024-03-29,Sugar,Grocery,Delhi,4,668,2672,UPI,13,4.5
611,2024-01-14,Ice Cream,Frozen,Hyderabad,2,762,1524,UPI,52,4.0
612,2024-08-29,Pulses,Grocery,Hyderabad,4,449,1796,Wallet,41,4.9
613,2024-05-15,Sugar,Grocery,Kolkata,1,92,92,Debit Card,40,3.5
614,2024-03-04,Frozen Food,Frozen,Delhi,4,168,672,UPI,30,4.9
615,2024-01-25,Bread,Bakery,Hyderabad,3,44,132,Credit Card,49,3.3
616,2024-03-26,Frozen Food,Frozen,Hyderabad,3,301,903,Cash on Delivery,50,4.8
617,2024-11-30,Atta,Grocery,Chennai,8,395,3160,Credit Card,59,3.8
618,2024-09-21,Rice,Grocery,Bangalore,4,543,2172,Credit Card,12,3.3
619,2024-07-25,Oil,Grocery,Kolkata,12,70,840,Credit Card,56,4.5
620,2024-10-13,Vegetables,Produce,Chennai,1,484,484,Credit Card,33,3.4
621,2024-01-22,Beverages,Drinks,Bangalore,5,223,1115,Cash on Delivery,60,4.8
622,2024-04-29,Snacks,Packaged Food,Ahmedabad,10,603,6030,Wallet,33,5.0
623,2024-04-03,Sugar,Grocery,Chennai,6,670,4020,Credit Card,54,4.5
624,2024-07-27,Bread,Bakery,Pune,3,727,2181,Wallet,34,4.9
625,2024-05-14,Vegetables,Produce,Delhi,9,490,4410,Debit Card,8,3.3
626,2024-02-07,Sugar,Grocery,Kolkata,12,727,8724,Debit Card,49,4.3
627,2024-05-21,Oil,Grocery,Chennai,10,429,4290,Wallet,26,3.2
628,2024-10-23,Pulses,Grocery,Mumbai,11,415,4565,Cash on Delivery,28,4.7
629,2024-09-16,Atta,Grocery,Hyderabad,4,453,1812,Cash on Delivery,35,3.7
630,2024-02-04,Rice,Grocery,Bangalore,12,377,4524,UPI,17,4.6
631,2024-06-05,Frozen Food,Frozen,Delhi,2,426,852,Credit Card,21,3.2
632,2024-03-21,Rice,Grocery,Bangalore,5,603,3015,UPI,27,4.1
633,2024-11-20,Eggs,Dairy,Mumbai,3,636,1908,Wallet,9,3.0
634,2024-11-22,Bread,Bakery,Ahmedabad,10,181,1810,Debit Card,12,4.4
635,2024-04-28,Rice,Grocery,Kolkata,4,483,1932,UPI,40,4.6
636,2024-10-30,Ice Cream,Frozen,Kolkata,6,558,3348,UPI,49,4.1
637,2024-12-16,Atta,Grocery,Chennai,12,178,2136,Debit Card,18,4.7
638,2024-01-11,Eggs,Dairy,Hyderabad,7,781,5467,UPI,59,3.1
639,2024-11-16,Sugar,Grocery,Delhi,12,89,1068,Credit Card,15,3.4
640,2024-10-24,Oil,Grocery,Ahmedabad,8,149,1192,UPI,8,3.3
641,2024-07-28,Rice,Grocery,Ahmedabad,9,682,6138,Debit Card,26,3.8
642,2024-08-17,Milk,Dairy,Chennai,7,405,2835,Wallet,8,4.6
643,2024-09-29,Eggs,Dairy,Ahmedabad,7,716,5012,UPI,13,4.3
644,2024-12-18,Sugar,Grocery,Bangalore,9,320,2880,Cash on Delivery,48,4.2
645,2024-01-05,Beverages,Drinks,Bangalore,10,480,4800,UPI,20,4.6
646,2024-06-07,Sugar,Grocery,Ahmedabad,9,637,5733,UPI,33,4.1
647,2024-04-12,Frozen Food,Frozen,Delhi,6,49,294,Credit Card,50,4.6
648,2024-07-20,Sugar,Grocery,Hyderabad,10,362,3620,Credit Card,51,3.9
649,2024-07-31,Bread,Bakery,Chennai,5,167,835,UPI,47,4.1
650,2024-10-09,Pulses,Grocery,Ahmedabad,2,433,866,Debit Card,13,3.4
651,2024-08-06,Beverages,Drinks,Mumbai,3,134,402,Wallet,11,4.5
652,2024-11-04,Frozen Food,Frozen,Kolkata,1,770,770,Wallet,37,4.6
653,2024-08-17,Atta,Grocery,Bangalore,7,705,4935,Cash on Delivery,46,3.4
654,2024-09-14,Ice Cream,Frozen,Bangalore,12,184,2208,Wallet,28,3.9
655,2024-03-22,Bread,Bakery,Pune,2,729,1458,UPI,41,3.9
656,2024-03-01,Pulses,Grocery,Ahmedabad,10,375,3750,Credit Card,41,4.0
657,2024-03-16,Milk,Dairy,Ahmedabad,3,623,1869,Cash on Delivery,51,4.1
658,2024-07-20,Beverages,Drinks,Delhi,6,273,1638,Wallet,18,4.0
659,2024-10-28,Pulses,Grocery,Chennai,6,285,1710,Wallet,46,4.2
660,2024-06-17,Snacks,Packaged Food,Bangalore,3,788,2364,Debit Card,31,4.0
661,2024-07-28,Oil,Grocery,Kolkata,10,657,6570,Credit Card,18,4.5
662,2024-07-24,Milk,Dairy,Delhi,3,707,2121,Wallet,41,3.7
663,2024-04-08,Fruits,Produce,Pune,11,89,979,Cash on Delivery,30,3.8
664,2024-10-28,Frozen Food,Frozen,Mumbai,3,109,327,UPI,30,4.3
665,2024-05-06,Snacks,Packaged Food,Hyderabad,3,243,729,Credit Card,28,3.4
666,2024-08-02,Sugar,Grocery,Chennai,5,244,1220,Credit Card,48,3.8
667,2024-04-17,Beverages,Drinks,Delhi,2,366,732,UPI,37,3.1
668,2024-01-05,Oil,Grocery,Ahmedabad,10,510,5100,Wallet,25,3.3
669,2024-03-17,Frozen Food,Frozen,Kolkata,5,260,1300,Debit Card,31,3.7
670,2024-03-14,Milk,Dairy,Bangalore,11,782,8602,Cash on Delivery,58,4.3
671,2024-03-13,Atta,Grocery,Hyderabad,11,570,6270,Wallet,41,4.1
672,2024-04-18,Atta,Grocery,Ahmedabad,2,748,1496,Wallet,41,3.9
673,2024-08-28,Beverages,Drinks,Mumbai,1,314,314,Debit Card,8,4.1
674,2024-10-22,Milk,Dairy,Kolkata,12,609,7308,Credit Card,56,4.3
675,2024-11-16,Ice Cream,Frozen,Ahmedabad,3,627,1881,Debit Card,36,4.6
676,2024-01-01,Pulses,Grocery,Pune,11,168,1848,Wallet,40,4.8
677,2024-12-08,Frozen Food,Frozen,Kolkata,12,463,5556,UPI,12,3.4
678,2024-10-12,Atta,Grocery,Delhi,2,649,1298,Credit Card,9,4.3
679,2024-08-08,Frozen Food,Frozen,Mumbai,7,86,602,Credit Card,56,5.0
680,2024-11-17,Vegetables,Produce,Mumbai,2,574,1148,Credit Card,21,4.9
681,2024-06-10,Milk,Dairy,Ahmedabad,3,458,1374,Cash on Delivery,39,3.2
682,2024-08-15,Bread,Bakery,Ahmedabad,7,384,2688,Debit Card,26,3.5
683,2024-01-16,Atta,Grocery,Chennai,8,271,2168,Credit Card,9,3.7
684,2024-09-08,Sugar,Grocery,Mumbai,3,467,1401,Debit Card,22,4.4
685,2024-05-04,Snacks,Packaged Food,Delhi,3,341,1023,Cash on Delivery,52,4.4
686,2024-08-01,Fruits,Produce,Pune,10,59,590,Cash on Delivery,24,3.7
687,2024-07-21,Sugar,Grocery,Kolkata,1,282,282,Cash on Delivery,45,3.7
688,2024-02-21,Beverages,Drinks,Bangalore,4,593,2372,UPI,58,3.6
689,2024-03-22,Fruits,Produce,Pune,7,184,1288,Credit Card,42,4.9
690,2024-05-03,Rice,Grocery,Mumbai,7,163,1141,UPI,33,5.0
691,2024-03-22,Ice Cream,Frozen,Mumbai,11,206,2266,Credit Card,43,4.8
692,2024-07-16,Vegetables,Produce,Delhi,5,504,2520,Wallet,27,4.6
693,2024-05-27,Atta,Grocery,Mumbai,12,158,1896,Wallet,54,3.3
694,2024-12-17,Milk,Dairy,Chennai,12,448,5376,Cash on Delivery,8,3.3
695,2024-04-09,Pulses,Grocery,Kolkata,11,279,3069,Debit Card,38,4.1
696,2024-02-13,Atta,Grocery,Mumbai,7,385,2695,UPI,38,4.1
697,2024-03-16,Snacks,Packaged Food,Kolkata,2,35,70,UPI,32,4.8
698,2024-02-15,Pulses,Grocery,Mumbai,7,659,4613,Wallet,30,4.5
699,2024-01-03,Pulses,Grocery,Bangalore,3,89,267,Credit Card,41,4.9
700,2024-12-21,Beverages,Drinks,Chennai,2,92,184,Credit Card,39,3.7
701,2024-05-24,Pulses,Grocery,Kolkata,3,153,459,Credit Card,49,4.9
702,2024-08-09,Rice,Grocery,Bangalore,1,532,532,Cash on Delivery,18,4.2
703,2024-07-03,Oil,Grocery,Bangalore,2,134,268,Credit Card,22,3.0
704,2024-02-15,Rice,Grocery,Kolkata,3,581,1743,UPI,32,4.2
705,2024-07-31,Snacks,Packaged Food,Kolkata,1,246,246,Cash on Delivery,17,3.8
706,2024-09-09,Pulses,Grocery,Chennai,2,473,946,Credit Card,37,3.1
707,2024-07-22,Ice Cream,Frozen,Bangalore,6,705,4230,Cash on Delivery,24,3.3
708,2024-01-11,Frozen Food,Frozen,Hyderabad,6,537,3222,Cash on Delivery,34,3.4
709,2024-11-26,Rice,Grocery,Ahmedabad,2,197,394,Debit Card,30,3.3
710,2024-06-09,Atta,Grocery,Hyderabad,12,35,420,Credit Card,37,3.8
711,2024-02-04,Oil,Grocery,Hyderabad,12,714,8568,Debit Card,45,4.5
712,2024-12-27,Pulses,Grocery,Hyderabad,4,690,2760,Debit Card,24,4.2
713,2024-11-04,Oil,Grocery,Hyderabad,10,774,7740,UPI,30,4.7
714,2024-06-25,Snacks,Packaged Food,Mumbai,9,628,5652,Wallet,53,4.7
715,2024-11-30,Rice,Grocery,Hyderabad,5,529,2645,Wallet,14,3.6
716,2024-02-26,Sugar,Grocery,Pune,11,713,7843,Debit Card,8,4.0
717,2024-10-01,Pulses,Grocery,Pune,3,730,2190,Wallet,29,3.9
718,2024-02-16,Sugar,Grocery,Hyderabad,2,758,1516,UPI,60,4.8
719,2024-01-30,Ice Cream,Frozen,Mumbai,6,720,4320,Credit Card,27,3.4
720,2024-10-19,Beverages,Drinks,Pune,11,589,6479,Cash on Delivery,46,3.7
721,2024-02-11,Fruits,Produce,Hyderabad,7,383,2681,Cash on Delivery,41,4.0
722,2024-12-25,Eggs,Dairy,Ahmedabad,3,474,1422,Debit Card,60,4.8
723,2024-01-14,Pulses,Grocery,Kolkata,9,560,5040,Debit Card,55,4.0
724,2024-04-11,Rice,Grocery,Mumbai,9,597,5373,Credit Card,23,3.3
725,2024-09-29,Milk,Dairy,Pune,7,418,2926,Debit Card,17,4.5
726,2024-04-07,Sugar,Grocery,Delhi,1,484,484,Wallet,16,4.8
727,2024-12-29,Oil,Grocery,Kolkata,2,96,192,Debit Card,54,4.4
728,2024-05-13,Ice Cream,Frozen,Mumbai,5,132,660,Debit Card,14,3.3
729,2024-05-13,Oil,Grocery,Pune,11,125,1375,Debit Card,44,4.2
730,2024-02-23,Pulses,Grocery,Kolkata,10,602,6020,Wallet,46,4.9
731,2024-08-06,Vegetables,Produce,Hyderabad,6,701,4206,Debit Card,45,5.0
732,2024-03-18,Vegetables,Produce,Pune,8,780,6240,Credit Card,51,3.3
733,2024-09-14,Atta,Grocery,Bangalore,12,573,6876,Credit Card,10,4.6
734,2024-09-01,Atta,Grocery,Chennai,12,309,3708,Debit Card,32,4.8
735,2024-06-08,Beverages,Drinks,Mumbai,5,38,190,Cash on Delivery,32,3.4
736,2024-07-15,Snacks,Packaged Food,Mumbai,11,87,957,Wallet,35,4.4
737,2024-10-17,Fruits,Produce,Mumbai,3,224,672,Credit Card,24,4.4
738,2024-12-19,Pulses,Grocery,Pune,7,545,3815,Debit Card,17,4.2
739,2024-05-15,Eggs,Dairy,Bangalore,12,792,9504,Credit Card,47,4.1
740,2024-12-20,Atta,Grocery,Delhi,9,420,3780,UPI,15,3.6
741,2024-03-18,Pulses,Grocery,Mumbai,3,464,1392,Credit Card,20,3.6
742,2024-12-04,Vegetables,Produce,Mumbai,3,345,1035,Wallet,50,3.9
743,2024-04-22,Sugar,Grocery,Chennai,10,608,6080,Cash on Delivery,31,3.7
744,2024-12-15,Beverages,Drinks,Chennai,7,560,3920,Debit Card,57,4.4
745,2024-05-18,Atta,Grocery,Delhi,6,488,2928,Credit Card,10,4.0
746,2024-07-27,Vegetables,Produce,Hyderabad,4,118,472,Wallet,27,4.0
747,2024-07-26,Pulses,Grocery,Delhi,8,404,3232,Credit Card,8,3.1
748,2024-03-17,Vegetables,Produce,Delhi,8,104,832,Credit Card,43,3.9
749,2024-04-29,Ice Cream,Frozen,Pune,3,251,753,UPI,39,4.0
750,2024-02-16,Oil,Grocery,Hyderabad,10,723,7230,Credit Card,52,4.7
751,2024-10-08,Oil,Grocery,Bangalore,11,64,704,Credit Card,23,3.7
752,2024-12-24,Eggs,Dairy,Kolkata,6,119,714,Debit Card,40,3.1
753,2024-04-26,Rice,Grocery,Pune,1,208,208,Wallet,28,3.6
754,2024-09-16,Milk,Dairy,Pune,9,691,6219,Debit Card,48,4.8
755,2024-01-07,Milk,Dairy,Hyderabad,3,184,552,Credit Card,13,4.0
756,2024-03-27,Bread,Bakery,Ahmedabad,2,630,1260,Cash on Delivery,30,3.1
757,2024-10-10,Fruits,Produce,Ahmedabad,10,687,6870,Credit Card,50,3.1
758,2024-08-07,Eggs,Dairy,Bangalore,5,797,3985,Debit Card,17,4.9
759,2024-10-07,Oil,Grocery,Delhi,6,691,4146,Wallet,11,5.0
760,2024-10-10,Oil,Grocery,Pune,9,515,4635,UPI,38,4.9
761,2024-08-12,Rice,Grocery,Mumbai,2,673,1346,UPI,15,4.3
762,2024-11-23,Snacks,Packaged Food,Chennai,5,88,440,Debit Card,48,4.0
763,2024-05-06,Snacks,Packaged Food,Pune,4,324,1296,UPI,18,3.1
764,2024-12-31,Beverages,Drinks,Kolkata,8,545,4360,Cash on Delivery,56,4.0
765,2024-04-07,Oil,Grocery,Pune,10,566,5660,Credit Card,49,4.8
766,2024-05-02,Beverages,Drinks,Mumbai,7,354,2478,Wallet,14,3.4
767,2024-11-29,Atta,Grocery,Pune,12,356,4272,Wallet,30,4.8
768,2024-06-18,Vegetables,Produce,Delhi,3,152,456,Debit Card,17,4.4
769,2024-01-05,Ice Cream,Frozen,Chennai,12,23,276,Credit Card,34,3.0
770,2024-01-02,Sugar,Grocery,Chennai,10,264,2640,Credit Card,38,3.1
771,2024-04-09,Atta,Grocery,Ahmedabad,4,361,1444,Wallet,37,3.0
772,2024-01-07,Frozen Food,Frozen,Bangalore,6,83,498,Cash on Delivery,36,4.3
773,2024-04-24,Fruits,Produce,Chennai,4,677,2708,Debit Card,55,3.1
774,2024-02-06,Snacks,Packaged Food,Kolkata,9,537,4833,Debit Card,14,3.9
775,2024-08-01,Sugar,Grocery,Delhi,7,767,5369,Cash on Delivery,30,3.8
776,2024-05-28,Ice Cream,Frozen,Ahmedabad,9,232,2088,UPI,46,4.5
777,2024-06-22,Beverages,Drinks,Mumbai,5,780,3900,Debit Card,38,4.8
778,2024-06-06,Fruits,Produce,Delhi,10,313,3130,Credit Card,45,4.3
779,2024-11-29,Milk,Dairy,Delhi,5,352,1760,Debit Card,26,4.1
780,2024-12-20,Fruits,Produce,Delhi,12,587,7044,Credit Card,12,4.0
781,2024-06-19,Frozen Food,Frozen,Ahmedabad,7,225,1575,UPI,43,4.6
782,2024-03-15,Bread,Bakery,Bangalore,10,449,4490,Debit Card,23,4.8
783,2024-12-04,Snacks,Packaged Food,Kolkata,12,583,6996,Wallet,16,3.4
784,2024-01-05,Frozen Food,Frozen,Hyderabad,6,177,1062,Credit Card,60,4.7
785,2024-05-28,Milk,Dairy,Delhi,12,341,4092,Credit Card,52,4.6
786,2024-09-12,Milk,Dairy,Delhi,8,124,992,UPI,57,4.4
787,2024-05-26,Beverages,Drinks,Chennai,7,800,5600,UPI,44,4.5
788,2024-09-17,Atta,Grocery,Delhi,12,107,1284,Debit Card,54,3.9
789,2024-03-16,Rice,Grocery,Pune,3,106,318,UPI,9,4.6
790,2024-04-27,Fruits,Produce,Pune,4,424,1696,UPI,58,4.6
791,2024-11-25,Pulses,Grocery,Ahmedabad,10,682,6820,UPI,32,3.8
792,2024-01-08,Rice,Grocery,Chennai,1,88,88,Wallet,30,4.1
793,2024-12-18,Ice Cream,Frozen,Delhi,4,400,1600,Debit Card,47,4.9
794,2024-06-26,Sugar,Grocery,Delhi,9,23,207,UPI,19,3.3
795,2024-09-28,Milk,Dairy,Hyderabad,1,654,654,Wallet,9,4.4
796,2024-08-26,Bread,Bakery,Mumbai,8,672,5376,UPI,55,3.7
797,2024-09-19,Fruits,Produce,Chennai,5,48,240,UPI,51,4.0
798,2024-02-03,Beverages,Drinks,Pune,9,739,6651,UPI,29,5.0
799,2024-01-08,Milk,Dairy,Chennai,9,512,4608,Cash on Delivery,26,4.8
800,2024-10-11,Beverages,Drinks,Ahmedabad,12,363,4356,UPI,60,3.1
801,2024-11-27,Oil,Grocery,Chennai,6,663,3978,UPI,10,4.2
802,2024-04-30,Milk,Dairy,Ahmedabad,7,799,5593,Credit Card,15,4.9
803,2024-03-13,Pulses,Grocery,Bangalore,4,142,568,Credit Card,16,3.5
804,2024-06-18,Frozen Food,Frozen,Chennai,6,441,2646,UPI,37,4.3
805,2024-06-26,Atta,Grocery,Mumbai,2,430,860,Debit Card,45,4.2
806,2024-10-23,Atta,Grocery,Mumbai,11,768,8448,UPI,19,4.6
807,2024-02-29,Atta,Grocery,Chennai,9,68,612,Credit Card,46,4.2
808,2024-09-21,Milk,Dairy,Bangalore,2,561,1122,Wallet,58,3.1
809,2024-08-23,Rice,Grocery,Pune,6,598,3588,Cash on Delivery,9,4.0
810,2024-07-25,Bread,Bakery,Ahmedabad,5,482,2410,Wallet,43,3.5
811,2024-12-18,Beverages,Drinks,Delhi,11,190,2090,Credit Card,9,4.4
812,2024-03-21,Bread,Bakery,Hyderabad,9,244,2196,Debit Card,10,4.9
813,2024-06-03,Eggs,Dairy,Pune,4,768,3072,Credit Card,59,5.0
814,2024-06-26,Milk,Dairy,Mumbai,9,104,936,Cash on Delivery,21,3.6
815,2024-09-06,Atta,Grocery,Ahmedabad,6,605,3630,Debit Card,34,3.3
816,2024-06-01,Sugar,Grocery,Pune,11,457,5027,Credit Card,37,4.7
817,2024-08-18,Rice,Grocery,Pune,9,464,4176,Debit Card,10,3.4
818,2024-01-15,Eggs,Dairy,Kolkata,12,598,7176,Wallet,36,4.4
819,2024-12-18,Atta,Grocery,Mumbai,3,501,1503,Debit Card,33,4.3
820,2024-11-10,Rice,Grocery,Hyderabad,6,349,2094,Wallet,25,4.2
821,2024-05-13,Milk,Dairy,Kolkata,12,767,9204,Wallet,39,3.9
822,2024-07-19,Beverages,Drinks,Chennai,12,797,9564,Credit Card,52,3.9
823,2024-08-29,Atta,Grocery,Mumbai,9,509,4581,Credit Card,50,4.9
824,2024-07-21,Bread,Bakery,Ahmedabad,5,553,2765,UPI,56,4.7
825,2024-10-08,Bread,Bakery,Kolkata,7,764,5348,Credit Card,46,4.5
826,2024-08-09,Milk,Dairy,Chennai,3,214,642,Wallet,28,3.4
827,2024-01-08,Atta,Grocery,Ahmedabad,12,233,2796,UPI,20,3.1
828,2024-06-19,Rice,Grocery,Pune,2,645,1290,Credit Card,53,4.9
829,2024-11-08,Sugar,Grocery,Kolkata,4,103,412,Credit Card,24,3.9
830,2024-05-17,Oil,Grocery,Ahmedabad,11,57,627,Credit Card,54,3.7
831,2024-05-05,Bread,Bakery,Mumbai,3,583,1749,Debit Card,30,3.2
832,2024-08-22,Rice,Grocery,Pune,9,677,6093,Debit Card,38,3.6
833,2024-06-09,Atta,Grocery,Hyderabad,5,348,1740,Debit Card,60,4.0
834,2024-05-10,Atta,Grocery,Mumbai,2,23,46,Wallet,30,3.3
835,2024-12-07,Atta,Grocery,Kolkata,7,616,4312,Debit Card,41,3.9
836,2024-07-07,Rice,Grocery,Pune,8,547,4376,Wallet,29,4.9
837,2024-11-02,Bread,Bakery,Bangalore,9,149,1341,Wallet,57,3.5
838,2024-08-09,Bread,Bakery,Mumbai,4,681,2724,UPI,43,3.5
839,2024-04-04,Snacks,Packaged Food,Mumbai,3,388,1164,Cash on Delivery,46,4.8
840,2024-12-18,Rice,Grocery,Bangalore,3,483,1449,UPI,53,3.6
841,2024-03-04,Milk,Dairy,Hyderabad,11,329,3619,Credit Card,56,3.1
842,2024-07-27,Milk,Dairy,Kolkata,3,34,102,Credit Card,56,4.1
843,2024-07-08,Rice,Grocery,Bangalore,1,610,610,Credit Card,20,3.7
844,2024-11-19,Snacks,Packaged Food,Delhi,11,104,1144,Debit Card,40,4.4
845,2024-03-10,Oil,Grocery,Pune,9,790,7110,Cash on Delivery,26,3.2
846,2024-02-27,Eggs,Dairy,Bangalore,4,598,2392,Cash on Delivery,17,4.3
847,2024-09-19,Frozen Food,Frozen,Pune,11,625,6875,Wallet,32,4.4
848,2024-12-17,Oil,Grocery,Chennai,10,248,2480,UPI,34,3.3
849,2024-02-17,Vegetables,Produce,Ahmedabad,3,297,891,Cash on Delivery,26,3.3
850,2024-02-27,Snacks,Packaged Food,Kolkata,8,183,1464,Credit Card,44,3.7
851,2024-10-19,Sugar,Grocery,Pune,7,610,4270,UPI,42,3.3
852,2024-12-28,Milk,Dairy,Bangalore,2,407,814,Credit Card,43,4.0
853,2024-07-25,Ice Cream,Frozen,Ahmedabad,3,594,1782,Wallet,50,3.7
854,2024-08-04,Beverages,Drinks,Delhi,7,430,3010,UPI,49,4.7
855,2024-11-27,Pulses,Grocery,Mumbai,12,263,3156,Debit Card,20,4.5
856,2024-08-07,Frozen Food,Frozen,Bangalore,12,761,9132,Credit Card,58,4.0
857,2024-01-19,Milk,Dairy,Delhi,4,539,2156,UPI,59,4.9
858,2024-02-01,Eggs,Dairy,Delhi,11,673,7403,UPI,58,5.0
859,2024-04-17,Vegetables,Produce,Mumbai,7,195,1365,Cash on Delivery,41,3.1
860,2024-08-01,Ice Cream,Frozen,Kolkata,6,382,2292,Credit Card,56,4.8
861,2024-08-09,Oil,Grocery,Ahmedabad,1,290,290,Credit Card,9,3.8
862,2024-06-28,Bread,Bakery,Kolkata,6,134,804,Debit Card,39,3.5
863,2024-09-29,Sugar,Grocery,Mumbai,4,428,1712,Credit Card,46,4.2
864,2024-12-02,Atta,Grocery,Ahmedabad,12,245,2940,UPI,27,4.9
865,2024-10-30,Milk,Dairy,Chennai,7,253,1771,Credit Card,9,4.9
866,2024-11-08,Beverages,Drinks,Chennai,12,611,7332,Wallet,34,3.5
867,2024-10-05,Snacks,Packaged Food,Chennai,10,675,6750,Cash on Delivery,48,4.6
868,2024-08-02,Vegetables,Produce,Bangalore,3,99,297,Cash on Delivery,21,4.0
869,2024-09-19,Milk,Dairy,Pune,7,313,2191,Wallet,27,3.9
870,2024-09-19,Snacks,Packaged Food,Bangalore,4,595,2380,Debit Card,27,4.7
871,2024-04-03,Snacks,Packaged Food,Kolkata,1,161,161,Debit Card,11,3.8
872,2024-08-27,Beverages,Drinks,Mumbai,3,443,1329,Wallet,60,3.8
873,2024-12-03,Snacks,Packaged Food,Bangalore,12,728,8736,Credit Card,39,3.3
874,2024-04-27,Bread,Bakery,Delhi,1,686,686,Cash on Delivery,57,4.6
875,2024-10-16,Milk,Dairy,Chennai,8,496,3968,Cash on Delivery,35,3.3
876,2024-03-10,Vegetables,Produce,Chennai,7,218,1526,Credit Card,8,3.7
877,2024-08-12,Fruits,Produce,Chennai,12,353,4236,Cash on Delivery,43,3.8
878,2024-10-04,Bread,Bakery,Ahmedabad,12,492,5904,Cash on Delivery,58,3.3
879,2024-06-26,Vegetables,Produce,Bangalore,3,65,195,Cash on Delivery,33,3.0
880,2024-07-23,Pulses,Grocery,Ahmedabad,1,474,474,Wallet,12,3.6
881,2024-04-11,Eggs,Dairy,Ahmedabad,4,116,464,UPI,47,3.4
882,2024-10-28,Frozen Food,Frozen,Hyderabad,5,359,1795,Wallet,51,3.8
883,2024-07-28,Ice Cream,Frozen,Ahmedabad,2,256,512,Credit Card,38,4.7
884,2024-03-21,Snacks,Packaged Food,Bangalore,7,715,5005,UPI,59,3.8
885,2024-12-02,Oil,Grocery,Bangalore,7,513,3591,Debit Card,48,3.7
886,2024-08-24,Milk,Dairy,Kolkata,9,681,6129,Debit Card,43,3.5
887,2024-05-25,Oil,Grocery,Delhi,10,291,2910,Debit Card,38,4.1
888,2024-09-02,Bread,Bakery,Pune,4,585,2340,Debit Card,11,3.6
889,2024-04-30,Oil,Grocery,Bangalore,8,650,5200,Wallet,24,4.5
890,2024-04-27,Sugar,Grocery,Mumbai,3,734,2202,Wallet,53,3.6
891,2024-02-22,Oil,Grocery,Bangalore,8,377,3016,Debit Card,43,3.8
892,2024-08-10,Ice Cream,Frozen,Pune,7,128,896,Credit Card,44,3.6
893,2024-06-08,Vegetables,Produce,Bangalore,11,484,5324,UPI,57,4.7
894,2024-11-30,Ice Cream,Frozen,Bangalore,8,74,592,Debit Card,47,4.0
895,2024-10-30,Rice,Grocery,Delhi,8,433,3464,UPI,36,4.2
896,2024-11-10,Pulses,Grocery,Pune,12,304,3648,Debit Card,19,3.0
897,2024-05-05,Oil,Grocery,Kolkata,11,275,3025,Debit Card,9,3.1
898,2024-07-16,Oil,Grocery,Chennai,1,36,36,Wallet,47,3.7
899,2024-01-10,Bread,Bakery,Chennai,4,177,708,Cash on Delivery,34,3.4
900,2024-01-05,Fruits,Produce,Kolkata,3,433,1299,Cash on Delivery,18,3.5
901,2024-08-06,Ice Cream,Frozen,Ahmedabad,5,476,2380,Wallet,26,4.4
902,2024-12-07,Atta,Grocery,Ahmedabad,1,41,41,Credit Card,38,4.7
903,2024-04-23,Fruits,Produce,Chennai,9,61,549,Cash on Delivery,32,4.2
904,2024-05-09,Sugar,Grocery,Delhi,2,109,218,Debit Card,9,4.9
905,2024-01-22,Pulses,Grocery,Mumbai,1,617,617,Debit Card,48,3.8
906,2024-02-10,Milk,Dairy,Pune,4,45,180,Cash on Delivery,35,3.7
907,2024-03-07,Sugar,Grocery,Hyderabad,3,638,1914,Credit Card,35,4.5
908,2024-03-28,Ice Cream,Frozen,Hyderabad,9,128,1152,UPI,23,3.0
909,2024-03-27,Ice Cream,Frozen,Delhi,12,712,8544,Credit Card,14,3.1
910,2024-06-04,Vegetables,Produce,Ahmedabad,12,320,3840,UPI,37,4.3
911,2024-01-25,Pulses,Grocery,Pune,11,275,3025,Wallet,42,4.8
912,2024-03-14,Frozen Food,Frozen,Kolkata,12,207,2484,UPI,39,4.0
913,2024-10-13,Beverages,Drinks,Chennai,3,643,1929,Cash on Delivery,38,3.6
914,2024-12-20,Frozen Food,Frozen,Mumbai,4,542,2168,Credit Card,17,3.7
915,2024-04-28,Ice Cream,Frozen,Hyderabad,2,404,808,Wallet,43,4.5
916,2024-06-18,Milk,Dairy,Bangalore,9,209,1881,Cash on Delivery,37,4.2
917,2024-02-21,Milk,Dairy,Chennai,1,433,433,Debit Card,20,3.7
918,2024-08-18,Atta,Grocery,Mumbai,3,372,1116,Credit Card,25,4.3
919,2024-04-21,Milk,Dairy,Pune,11,416,4576,UPI,44,3.5
920,2024-09-27,Bread,Bakery,Chennai,7,629,4403,Debit Card,52,3.9
921,2024-12-28,Snacks,Packaged Food,Bangalore,4,251,1004,UPI,17,4.1
922,2024-11-18,Fruits,Produce,Bangalore,11,78,858,UPI,42,3.4
923,2024-11-19,Atta,Grocery,Kolkata,5,599,2995,Cash on Delivery,45,4.9
924,2024-10-17,Vegetables,Produce,Pune,5,238,1190,UPI,29,3.4
925,2024-11-06,Milk,Dairy,Pune,10,205,2050,Credit Card,14,4.9
926,2024-07-27,Eggs,Dairy,Chennai,8,431,3448,Credit Card,59,3.1
927,2024-10-06,Fruits,Produce,Chennai,4,386,1544,Credit Card,34,3.7
928,2024-02-27,Rice,Grocery,Pune,4,762,3048,UPI,36,4.5
929,2024-04-30,Milk,Dairy,Pune,9,150,1350,Cash on Delivery,20,3.2
930,2024-04-06,Sugar,Grocery,Bangalore,9,771,6939,Credit Card,13,3.5
931,2024-03-03,Eggs,Dairy,Kolkata,11,440,4840,UPI,33,4.7
932,2024-07-16,Pulses,Grocery,Mumbai,6,95,570,Wallet,18,3.3
933,2024-09-16,Vegetables,Produce,Hyderabad,7,306,2142,Credit Card,38,3.1
934,2024-07-29,Milk,Dairy,Chennai,1,772,772,Cash on Delivery,51,4.2
935,2024-06-10,Fruits,Produce,Delhi,2,653,1306,Credit Card,35,4.5
936,2024-09-25,Bread,Bakery,Bangalore,2,282,564,Cash on Delivery,36,4.8
937,2024-01-31,Pulses,Grocery,Kolkata,5,763,3815,Debit Card,45,3.9
938,2024-11-13,Sugar,Grocery,Kolkata,12,180,2160,UPI,35,4.8
939,2024-04-29,Frozen Food,Frozen,Bangalore,7,363,2541,UPI,14,4.5
940,2024-08-18,Beverages,Drinks,Kolkata,10,319,3190,Wallet,13,4.8
941,2024-05-22,Milk,Dairy,Kolkata,6,671,4026,Debit Card,40,3.5
942,2024-11-10,Sugar,Grocery,Pune,7,313,2191,UPI,28,3.7
943,2024-06-13,Snacks,Packaged Food,Pune,7,214,1498,UPI,17,3.9
944,2024-05-20,Milk,Dairy,Ahmedabad,3,800,2400,Credit Card,14,4.2
945,2024-10-05,Pulses,Grocery,Pune,3,167,501,Debit Card,46,4.8
946,2024-11-18,Milk,Dairy,Ahmedabad,7,384,2688,UPI,38,3.6
947,2024-06-26,Ice Cream,Frozen,Chennai,5,244,1220,Credit Card,22,4.9
948,2024-02-09,Ice Cream,Frozen,Chennai,5,748,3740,Debit Card,31,3.8
949,2024-11-12,Beverages,Drinks,Kolkata,10,114,1140,UPI,57,3.7
950,2024-03-24,Atta,Grocery,Pune,10,636,6360,Wallet,11,4.9
951,2024-11-11,Eggs,Dairy,Hyderabad,10,207,2070,Cash on Delivery,28,4.7
952,2024-10-30,Ice Cream,Frozen,Pune,5,378,1890,Debit Card,43,3.1
953,2024-06-14,Sugar,Grocery,Pune,2,74,148,Wallet,55,4.4
954,2024-07-18,Bread,Bakery,Pune,1,235,235,Wallet,22,4.2
955,2024-02-16,Fruits,Produce,Ahmedabad,1,201,201,Credit Card,15,3.2
956,2024-11-23,Frozen Food,Frozen,Hyderabad,7,169,1183,Cash on Delivery,45,3.1
957,2024-11-03,Beverages,Drinks,Bangalore,9,36,324,Wallet,28,4.8
958,2024-08-17,Beverages,Drinks,Hyderabad,12,739,8868,Cash on Delivery,44,4.0
959,2024-08-04,Beverages,Drinks,Kolkata,3,608,1824,Cash on Delivery,53,3.3
960,2024-09-09,Bread,Bakery,Ahmedabad,3,163,489,Wallet,50,4.8
961,2024-06-07,Pulses,Grocery,Ahmedabad,4,741,2964,UPI,19,3.3
962,2024-12-24,Pulses,Grocery,Hyderabad,4,471,1884,Wallet,11,4.9
963,2024-03-31,Pulses,Grocery,Pune,10,100,1000,Debit Card,54,4.9
964,2024-05-18,Fruits,Produce,Ahmedabad,4,774,3096,Cash on Delivery,50,4.3
965,2024-10-09,Vegetables,Produce,Mumbai,2,485,970,Cash on Delivery,10,4.1
966,2024-04-25,Atta,Grocery,Pune,9,73,657,Debit Card,12,3.3
967,2024-08-18,Pulses,Grocery,Hyderabad,3,661,1983,Wallet,13,4.6
968,2024-06-18,Oil,Grocery,Chennai,9,739,6651,Credit Card,32,3.2
969,2024-09-14,Atta,Grocery,Pune,6,299,1794,Credit Card,11,4.6
970,2024-08-24,Pulses,Grocery,Hyderabad,5,430,2150,Debit Card,42,3.1
971,2024-08-14,Sugar,Grocery,Ahmedabad,3,590,1770,Credit Card,14,3.7
972,2024-09-04,Oil,Grocery,Bangalore,10,344,3440,UPI,32,3.2
973,2024-01-25,Beverages,Drinks,Mumbai,8,338,2704,Credit Card,44,4.5
974,2024-12-13,Eggs,Dairy,Chennai,5,170,850,Cash on Delivery,42,4.3
975,2024-10-28,Beverages,Drinks,Kolkata,3,278,834,Credit Card,48,4.6
976,2024-02-15,Snacks,Packaged Food,Mumbai,5,45,225,Wallet,47,3.2
977,2024-11-29,Beverages,Drinks,Delhi,1,737,737,UPI,20,4.8
978,2024-01-22,Bread,Bakery,Pune,1,571,571,Debit Card,13,3.1
979,2024-10-28,Frozen Food,Frozen,Delhi,3,381,1143,Debit Card,30,4.3
980,2024-09-24,Snacks,Packaged Food,Mumbai,8,355,2840,Debit Card,19,3.9
981,2024-07-28,Atta,Grocery,Delhi,8,382,3056,Cash on Delivery,27,3.8
982,2024-12-02,Oil,Grocery,Hyderabad,4,569,2276,Cash on Delivery,49,3.1
983,2024-07-13,Rice,Grocery,Kolkata,3,597,1791,Debit Card,14,4.0
984,2024-01-22,Ice Cream,Frozen,Delhi,4,358,1432,UPI,33,5.0
985,2024-02-21,Fruits,Produce,Delhi,10,310,3100,Wallet,20,5.0
986,2024-10-29,Ice Cream,Frozen,Bangalore,1,358,358,Credit Card,36,4.2
987,2024-12-22,Vegetables,Produce,Pune,2,633,1266,Wallet,24,3.0
988,2024-05-25,Sugar,Grocery,Hyderabad,4,268,1072,Debit Card,14,3.4
989,2024-11-04,Pulses,Grocery,Pune,5,37,185,UPI,53,4.5
990,2024-06-06,Vegetables,Produce,Kolkata,8,602,4816,Cash on Delivery,56,4.1
991,2024-02-03,Pulses,Grocery,Hyderabad,4,199,796,Cash on Delivery,27,4.7
992,2024-03-11,Bread,Bakery,Chennai,12,625,7500,Wallet,49,3.8
993,2024-11-10,Fruits,Produce,Mumbai,4,278,1112,Wallet,12,3.1
994,2024-03-12,Fruits,Produce,Mumbai,8,166,1328,Credit Card,38,4.7
995,2024-05-12,Frozen Food,Frozen,Chennai,9,655,5895,Credit Card,23,3.2
996,2024-06-26,Snacks,Packaged Food,Hyderabad,9,605,5445,Debit Card,56,4.2
997,2024-10-04,Fruits,Produce,Bangalore,8,162,1296,Debit Card,39,3.2
998,2024-02-12,Oil,Grocery,Pune,1,28,28,Cash on Delivery,45,3.5
999,2024-03-14,Snacks,Packaged Food,Mumbai,11,426,4686,Credit Card,20,3.3
1000,2024-11-17,Frozen Food,Frozen,Delhi,12,522,6264,Wallet,31,3.6
1001,2024-05-21,Oil,Grocery,Mumbai,6,154,924,Cash on Delivery,25,4.1
1002,2024-02-13,Frozen Food,Frozen,Ahmedabad,7,569,3983,Cash on Delivery,53,3.8
1003,2024-03-26,Milk,Dairy,Mumbai,12,599,7188,Cash on Delivery,54,4.4
1004,2024-12-29,Bread,Bakery,Ahmedabad,12,451,5412,Debit Card,27,3.5
1005,2024-09-16,Frozen Food,Frozen,Mumbai,3,422,1266,Debit Card,23,4.8
1006,2024-02-28,Atta,Grocery,Hyderabad,10,378,3780,Wallet,26,3.9
1007,2024-05-25,Snacks,Packaged Food,Bangalore,5,782,3910,Cash on Delivery,45,4.7
1008,2024-10-13,Beverages,Drinks,Chennai,10,385,3850,Credit Card,20,4.5
1009,2024-07-29,Eggs,Dairy,Pune,4,128,512,UPI,15,4.3
1010,2024-10-06,Milk,Dairy,Ahmedabad,12,237,2844,Credit Card,37,3.9
1011,2024-02-01,Vegetables,Produce,Chennai,5,238,1190,Debit Card,46,4.6
1012,2024-11-19,Fruits,Produce,Bangalore,12,69,828,Credit Card,14,4.7
1013,2024-01-15,Ice Cream,Frozen,Mumbai,8,253,2024,Credit Card,44,4.5
1014,2024-05-23,Beverages,Drinks,Bangalore,7,151,1057,Wallet,19,4.6
1015,2024-08-13,Snacks,Packaged Food,Bangalore,6,235,1410,Credit Card,48,4.3
1016,2024-02-13,Vegetables,Produce,Ahmedabad,4,189,756,Wallet,34,4.5
1017,2024-09-26,Fruits,Produce,Ahmedabad,9,529,4761,UPI,51,3.5
1018,2024-03-31,Snacks,Packaged Food,Mumbai,7,761,5327,Cash on Delivery,42,4.4
1019,2024-07-19,Pulses,Grocery,Mumbai,4,653,2612,UPI,8,3.8
1020,2024-11-30,Ice Cream,Frozen,Pune,5,799,3995,UPI,51,4.1
1021,2024-11-18,Snacks,Packaged Food,Mumbai,8,288,2304,Credit Card,8,3.6
1022,2024-12-21,Snacks,Packaged Food,Chennai,3,157,471,Wallet,59,3.9
1023,2024-01-28,Sugar,Grocery,Delhi,1,421,421,Cash on Delivery,46,4.9
1024,2024-10-15,Ice Cream,Frozen,Delhi,10,385,3850,UPI,59,4.3
1025,2024-12-27,Snacks,Packaged Food,Bangalore,2,46,92,Wallet,25,4.8
1026,2024-09-02,Snacks,Packaged Food,Ahmedabad,5,312,1560,Wallet,55,4.1
1027,2024-09-12,Beverages,Drinks,Kolkata,9,605,5445,Cash on Delivery,38,4.7
1028,2024-05-16,Oil,Grocery,Mumbai,6,374,2244,UPI,20,3.6
1029,2024-02-16,Fruits,Produce,Hyderabad,12,525,6300,Credit Card,49,3.4
1030,2024-11-10,Sugar,Grocery,Delhi,5,211,1055,Wallet,22,4.1
1031,2024-02-11,Eggs,Dairy,Kolkata,5,306,1530,Debit Card,17,4.3
1032,2024-12-30,Fruits,Produce,Chennai,9,114,1026,Debit Card,17,4.7
1033,2024-11-26,Oil,Grocery,Ahmedabad,1,637,637,UPI,24,4.1
1034,2024-10-27,Beverages,Drinks,Bangalore,5,563,2815,Debit Card,38,4.3
1035,2024-12-20,Snacks,Packaged Food,Ahmedabad,11,719,7909,Cash on Delivery,23,3.9
1036,2024-04-08,Rice,Grocery,Delhi,7,393,2751,UPI,44,3.1
1037,2024-02-03,Beverages,Drinks,Hyderabad,12,470,5640,Wallet,19,4.9
1038,2024-06-11,Ice Cream,Frozen,Chennai,10,78,780,Cash on Delivery,12,4.2
1039,2024-02-10,Oil,Grocery,Kolkata,10,128,1280,Debit Card,57,4.2
1040,2024-03-17,Fruits,Produce,Hyderabad,8,331,2648,Cash on Delivery,33,3.3
1041,2024-08-01,Milk,Dairy,Bangalore,11,83,913,Credit Card,18,4.2
1042,2024-09-20,Sugar,Grocery,Hyderabad,1,452,452,UPI,60,4.4
1043,2024-06-05,Milk,Dairy,Pune,3,58,174,Cash on Delivery,43,4.3
1044,2024-09-14,Milk,Dairy,Bangalore,7,46,322,UPI,15,3.7
1045,2024-10-14,Pulses,Grocery,Hyderabad,5,228,1140,Wallet,15,4.0
1046,2024-11-22,Milk,Dairy,Pune,9,362,3258,Wallet,17,4.4
1047,2024-05-20,Frozen Food,Frozen,Chennai,2,253,506,Cash on Delivery,17,3.7
1048,2024-02-22,Pulses,Grocery,Pune,11,524,5764,Credit Card,59,3.5
1049,2024-07-22,Milk,Dairy,Hyderabad,11,95,1045,Credit Card,8,3.2
1050,2024-04-01,Milk,Dairy,Pune,5,175,875,UPI,34,3.8
1051,2024-04-08,Bread,Bakery,Ahmedabad,8,780,6240,Cash on Delivery,11,3.5
1052,2024-07-09,Rice,Grocery,Kolkata,7,353,2471,Cash on Delivery,12,3.1
1053,2024-01-12,Atta,Grocery,Kolkata,12,214,2568,Cash on Delivery,20,3.6
1054,2024-01-09,Atta,Grocery,Hyderabad,12,542,6504,Debit Card,15,3.5
1055,2024-04-28,Snacks,Packaged Food,Mumbai,10,477,4770,Wallet,59,3.5
1056,2024-08-20,Vegetables,Produce,Mumbai,11,284,3124,UPI,23,3.7
1057,2024-10-20,Oil,Grocery,Hyderabad,7,99,693,Credit Card,40,4.3
1058,2024-10-08,Snacks,Packaged Food,Mumbai,8,123,984,Debit Card,29,4.5
1059,2024-03-04,Frozen Food,Frozen,Hyderabad,12,377,4524,Wallet,50,3.8
1060,2024-05-02,Milk,Dairy,Chennai,12,553,6636,Credit Card,39,4.6
1061,2024-06-26,Milk,Dairy,Mumbai,4,128,512,Debit Card,60,3.5
1062,2024-04-15,Eggs,Dairy,Bangalore,4,768,3072,Wallet,57,3.9
1063,2024-03-19,Beverages,Drinks,Mumbai,12,585,7020,Cash on Delivery,29,3.9
1064,2024-06-09,Sugar,Grocery,Mumbai,4,342,1368,Cash on Delivery,48,4.2
1065,2024-02-18,Ice Cream,Frozen,Mumbai,1,686,686,UPI,44,3.5
1066,2024-09-14,Milk,Dairy,Bangalore,2,766,1532,Wallet,39,3.8
1067,2024-01-01,Frozen Food,Frozen,Ahmedabad,12,487,5844,UPI,43,4.5
1068,2024-01-01,Snacks,Packaged Food,Mumbai,4,144,576,Debit Card,28,3.4
1069,2024-04-07,Snacks,Packaged Food,Delhi,1,355,355,UPI,13,3.4
1070,2024-06-21,Vegetables,Produce,Pune,1,433,433,UPI,46,4.7
1071,2024-07-03,Rice,Grocery,Hyderabad,4,374,1496,Debit Card,27,3.7
1072,2024-11-01,Rice,Grocery,Kolkata,12,754,9048,Debit Card,43,3.9
1073,2024-09-21,Bread,Bakery,Kolkata,5,138,690,Debit Card,44,4.8
1074,2024-04-15,Snacks,Packaged Food,Ahmedabad,9,577,5193,Credit Card,52,4.3
1075,2024-12-02,Snacks,Packaged Food,Ahmedabad,2,205,410,Credit Card,56,3.0
1076,2024-06-12,Ice Cream,Frozen,Chennai,3,313,939,Cash on Delivery,10,4.3
1077,2024-09-08,Vegetables,Produce,Mumbai,9,344,3096,Debit Card,49,3.2
1078,2024-07-20,Bread,Bakery,Kolkata,8,237,1896,Cash on Delivery,35,4.2
1079,2024-05-22,Pulses,Grocery,Hyderabad,1,339,339,UPI,35,3.5
1080,2024-10-24,Snacks,Packaged Food,Bangalore,8,747,5976,Cash on Delivery,11,3.1
1081,2024-01-25,Vegetables,Produce,Delhi,11,588,6468,Wallet,17,4.7
1082,2024-11-30,Vegetables,Produce,Kolkata,6,204,1224,Wallet,38,4.9
1083,2024-07-25,Milk,Dairy,Bangalore,11,538,5918,UPI,28,3.9
1084,2024-02-09,Vegetables,Produce,Chennai,8,245,1960,Cash on Delivery,27,3.1
1085,2024-09-14,Frozen Food,Frozen,Hyderabad,1,537,537,Wallet,17,3.4
1086,2024-12-14,Vegetables,Produce,Bangalore,5,387,1935,Credit Card,9,4.1
1087,2024-12-16,Snacks,Packaged Food,Kolkata,5,383,1915,Wallet,47,3.9
1088,2024-12-09,Ice Cream,Frozen,Chennai,3,662,1986,Credit Card,51,3.0
1089,2024-09-07,Pulses,Grocery,Delhi,2,351,702,Credit Card,17,4.7
1090,2024-01-22,Bread,Bakery,Bangalore,10,764,7640,Debit Card,20,3.7
1091,2024-06-10,Pulses,Grocery,Pune,2,499,998,Debit Card,11,3.5
1092,2024-12-04,Pulses,Grocery,Hyderabad,9,217,1953,Cash on Delivery,25,3.4
1093,2024-09-27,Bread,Bakery,Pune,6,501,3006,Credit Card,16,3.5
1094,2024-03-05,Snacks,Packaged Food,Delhi,4,388,1552,Wallet,20,4.5
1095,2024-02-22,Oil,Grocery,Hyderabad,1,487,487,Cash on Delivery,19,4.9
1096,2024-10-14,Snacks,Packaged Food,Delhi,2,316,632,UPI,57,3.2
1097,2024-12-10,Pulses,Grocery,Hyderabad,6,569,3414,Cash on Delivery,12,4.0
1098,2024-04-04,Frozen Food,Frozen,Chennai,10,131,1310,Cash on Delivery,59,3.9
1099,2024-10-17,Frozen Food,Frozen,Ahmedabad,7,127,889,Credit Card,12,4.3
1100,2024-08-19,Fruits,Produce,Bangalore,11,405,4455,UPI,18,3.1
1101,2024-06-01,Beverages,Drinks,Bangalore,11,101,1111,Cash on Delivery,17,3.5
1102,2024-01-25,Ice Cream,Frozen,Kolkata,3,179,537,Cash on Delivery,57,3.4
1103,2024-11-13,Oil,Grocery,Mumbai,11,369,4059,UPI,36,3.6
1104,2024-02-13,Snacks,Packaged Food,Bangalore,11,128,1408,Debit Card,28,3.7
1105,2024-12-26,Vegetables,Produce,Ahmedabad,1,41,41,Cash on Delivery,57,3.3
1106,2024-03-03,Eggs,Dairy,Ahmedabad,5,490,2450,Cash on Delivery,48,3.8
1107,2024-10-26,Milk,Dairy,Ahmedabad,9,290,2610,Debit Card,15,4.1
1108,2024-07-07,Eggs,Dairy,Bangalore,8,150,1200,Cash on Delivery,12,5.0
1109,2024-02-14,Snacks,Packaged Food,Kolkata,7,664,4648,Cash on Delivery,42,3.6
1110,2024-05-02,Fruits,Produce,Chennai,8,763,6104,Credit Card,44,4.9
1111,2024-04-08,Atta,Grocery,Hyderabad,7,651,4557,Wallet,30,4.8
1112,2024-05-01,Frozen Food,Frozen,Kolkata,4,721,2884,Debit Card,41,3.2
1113,2024-01-03,Eggs,Dairy,Ahmedabad,6,64,384,Cash on Delivery,36,4.8
1114,2024-06-30,Bread,Bakery,Bangalore,3,761,2283,Cash on Delivery,25,3.5
1115,2024-06-17,Milk,Dairy,Ahmedabad,7,505,3535,Credit Card,16,4.0
1116,2024-05-03,Oil,Grocery,Ahmedabad,3,602,1806,Wallet,44,4.8
1117,2024-03-29,Snacks,Packaged Food,Kolkata,11,736,8096,Credit Card,51,4.5
1118,2024-05-21,Atta,Grocery,Bangalore,3,275,825,Cash on Delivery,23,3.5
1119,2024-10-20,Fruits,Produce,Delhi,10,583,5830,Debit Card,44,3.0
1120,2024-02-18,Pulses,Grocery,Chennai,5,94,470,UPI,37,3.2
1121,2024-07-28,Snacks,Packaged Food,Delhi,6,134,804,Wallet,16,4.3
1122,2024-11-07,Rice,Grocery,Hyderabad,3,309,927,Credit Card,54,3.3
1123,2024-05-26,Fruits,Produce,Hyderabad,7,212,1484,Debit Card,11,3.9
1124,2024-04-24,Snacks,Packaged Food,Delhi,4,243,972,Credit Card,14,4.8
1125,2024-09-15,Vegetables,Produce,Chennai,9,453,4077,Debit Card,57,3.5
1126,2024-11-23,Beverages,Drinks,Ahmedabad,4,183,732,Credit Card,50,4.4
1127,2024-01-25,Vegetables,Produce,Bangalore,9,547,4923,Wallet,51,4.6
1128,2024-04-09,Atta,Grocery,Ahmedabad,2,39,78,Cash on Delivery,50,4.9
1129,2024-03-17,Ice Cream,Frozen,Pune,4,526,2104,Cash on Delivery,50,3.2
1130,2024-02-10,Vegetables,Produce,Pune,11,596,6556,Wallet,55,3.7
1131,2024-05-14,Pulses,Grocery,Chennai,9,784,7056,Cash on Delivery,35,3.9
1132,2024-01-16,Bread,Bakery,Delhi,7,500,3500,Credit Card,55,3.7
1133,2024-02-01,Ice Cream,Frozen,Kolkata,7,140,980,Wallet,40,4.7
1134,2024-06-20,Sugar,Grocery,Mumbai,1,139,139,UPI,45,3.4
1135,2024-02-23,Snacks,Packaged Food,Delhi,11,565,6215,Wallet,12,4.3
1136,2024-04-23,Milk,Dairy,Kolkata,1,541,541,Wallet,8,4.3
1137,2024-05-25,Fruits,Produce,Pune,11,191,2101,Cash on Delivery,33,3.0
1138,2024-07-22,Eggs,Dairy,Bangalore,10,508,5080,Debit Card,22,4.4
1139,2024-03-27,Rice,Grocery,Kolkata,6,767,4602,Debit Card,32,4.6
1140,2024-08-05,Sugar,Grocery,Mumbai,8,538,4304,Cash on Delivery,15,3.6
1141,2024-08-13,Milk,Dairy,Bangalore,11,487,5357,Debit Card,25,3.5
1142,2024-01-02,Bread,Bakery,Hyderabad,10,788,7880,Wallet,47,4.9
1143,2024-09-27,Eggs,Dairy,Hyderabad,2,445,890,Credit Card,26,4.8
1144,2024-01-16,Rice,Grocery,Bangalore,8,735,5880,Wallet,56,4.3
1145,2024-04-22,Atta,Grocery,Ahmedabad,2,230,460,Credit Card,32,3.5
1146,2024-07-17,Eggs,Dairy,Kolkata,9,499,4491,Credit Card,8,3.8
1147,2024-06-08,Fruits,Produce,Bangalore,6,281,1686,UPI,20,4.8
1148,2024-03-20,Oil,Grocery,Hyderabad,12,297,3564,Cash on Delivery,37,3.7
1149,2024-08-02,Snacks,Packaged Food,Chennai,5,664,3320,Cash on Delivery,15,3.9
1150,2024-10-16,Atta,Grocery,Ahmedabad,9,744,6696,Wallet,23,4.9
1151,2024-09-30,Sugar,Grocery,Chennai,4,385,1540,Debit Card,27,3.8
1152,2024-04-06,Fruits,Produce,Hyderabad,5,297,1485,Debit Card,58,4.8
1153,2024-03-24,Rice,Grocery,Bangalore,4,648,2592,Cash on Delivery,59,4.5
1154,2024-05-27,Atta,Grocery,Delhi,4,284,1136,Wallet,12,3.8
1155,2024-12-11,Beverages,Drinks,Ahmedabad,5,98,490,Wallet,48,3.5
1156,2024-06-10,Oil,Grocery,Chennai,5,598,2990,Credit Card,14,4.4
1157,2024-10-27,Oil,Grocery,Chennai,8,623,4984,Credit Card,37,3.9
1158,2024-11-22,Beverages,Drinks,Mumbai,9,35,315,Credit Card,23,3.4
1159,2024-02-07,Frozen Food,Frozen,Ahmedabad,6,340,2040,Debit Card,43,3.3
1160,2024-06-29,Beverages,Drinks,Chennai,4,406,1624,Cash on Delivery,12,4.1
1161,2024-09-25,Bread,Bakery,Kolkata,8,406,3248,Credit Card,24,3.6
1162,2024-09-27,Atta,Grocery,Chennai,3,665,1995,Credit Card,31,3.1
1163,2024-08-25,Snacks,Packaged Food,Mumbai,6,788,4728,Wallet,27,4.4
1164,2024-12-25,Atta,Grocery,Delhi,10,507,5070,Debit Card,20,4.9
1165,2024-01-01,Pulses,Grocery,Bangalore,11,435,4785,Credit Card,59,3.6
1166,2024-08-05,Vegetables,Produce,Chennai,12,654,7848,UPI,52,3.4
1167,2024-07-20,Vegetables,Produce,Delhi,4,416,1664,UPI,35,4.4
1168,2024-09-20,Rice,Grocery,Delhi,5,197,985,Cash on Delivery,14,4.8
1169,2024-05-11,Eggs,Dairy,Delhi,1,89,89,UPI,19,4.4
1170,2024-04-24,Fruits,Produce,Hyderabad,4,665,2660,Debit Card,52,4.3
1171,2024-01-10,Milk,Dairy,Ahmedabad,2,357,714,Credit Card,48,4.4
1172,2024-03-15,Pulses,Grocery,Chennai,7,431,3017,Wallet,15,3.5
1173,2024-03-21,Eggs,Dairy,Delhi,3,116,348,UPI,52,4.3
1174,2024-05-21,Ice Cream,Frozen,Ahmedabad,8,592,4736,UPI,45,4.1
1175,2024-07-17,Milk,Dairy,Delhi,9,451,4059,UPI,19,3.2
1176,2024-03-29,Rice,Grocery,Hyderabad,2,446,892,Cash on Delivery,10,4.0
1177,2024-11-01,Pulses,Grocery,Kolkata,2,324,648,Wallet,50,3.1
1178,2024-02-25,Beverages,Drinks,Delhi,10,745,7450,Cash on Delivery,58,3.2
1179,2024-12-23,Frozen Food,Frozen,Delhi,2,685,1370,Wallet,52,3.1
1180,2024-02-23,Rice,Grocery,Bangalore,3,646,1938,Debit Card,55,4.0
1181,2024-07-30,Sugar,Grocery,Ahmedabad,6,658,3948,Debit Card,60,4.7
1182,2024-08-27,Milk,Dairy,Hyderabad,1,496,496,Cash on Delivery,55,4.8
1183,2024-10-06,Snacks,Packaged Food,Ahmedabad,5,799,3995,UPI,28,4.4
1184,2024-06-28,Pulses,Grocery,Ahmedabad,2,712,1424,Wallet,32,4.9
1185,2024-01-01,Rice,Grocery,Bangalore,3,723,2169,Wallet,9,3.3
1186,2024-10-21,Vegetables,Produce,Ahmedabad,1,430,430,Credit Card,35,4.0
1187,2024-07-07,Bread,Bakery,Delhi,4,242,968,Cash on Delivery,16,3.5
1188,2024-02-10,Sugar,Grocery,Mumbai,3,729,2187,Credit Card,16,3.1
1189,2024-06-15,Ice Cream,Frozen,Bangalore,2,600,1200,Debit Card,45,4.9
1190,2024-04-30,Milk,Dairy,Pune,3,781,2343,Cash on Delivery,40,4.2
1191,2024-01-01,Pulses,Grocery,Ahmedabad,4,678,2712,Debit Card,39,4.1
1192,2024-04-15,Ice Cream,Frozen,Mumbai,8,231,1848,Cash on Delivery,53,4.5
1193,2024-06-10,Frozen Food,Frozen,Bangalore,11,577,6347,Credit Card,42,3.3
1194,2024-05-26,Vegetables,Produce,Kolkata,5,269,1345,Wallet,49,4.9
1195,2024-08-07,Beverages,Drinks,Hyderabad,2,706,1412,Wallet,22,4.8
1196,2024-11-09,Vegetables,Produce,Delhi,7,709,4963,Cash on Delivery,30,3.1
1197,2024-03-22,Bread,Bakery,Chennai,5,538,2690,Debit Card,60,3.6
1198,2024-10-07,Frozen Food,Frozen,Hyderabad,8,742,5936,Credit Card,32,4.9
1199,2024-05-24,Fruits,Produce,Bangalore,8,379,3032,UPI,48,4.6
1200,2024-10-26,Ice Cream,Frozen,Pune,9,638,5742,Cash on Delivery,34,3.5
1201,2024-06-14,Vegetables,Produce,Hyderabad,9,722,6498,Cash on Delivery,47,5.0
1202,2024-10-14,Eggs,Dairy,Ahmedabad,12,787,9444,UPI,14,4.9
1203,2024-07-29,Fruits,Produce,Ahmedabad,4,62,248,Cash on Delivery,38,3.2
1204,2024-09-18,Pulses,Grocery,Delhi,8,590,4720,Cash on Delivery,58,3.5
1205,2024-11-30,Sugar,Grocery,Pune,7,234,1638,UPI,55,3.7
1206,2024-10-31,Milk,Dairy,Kolkata,5,26,130,Wallet,43,4.5
1207,2024-12-27,Snacks,Packaged Food,Mumbai,10,663,6630,Wallet,48,3.3
1208,2024-08-14,Vegetables,Produce,Pune,4,322,1288,Debit Card,18,3.2
1209,2024-05-16,Snacks,Packaged Food,Ahmedabad,6,378,2268,Wallet,25,3.4
1210,2024-06-29,Vegetables,Produce,Mumbai,11,278,3058,Wallet,26,4.5
1211,2024-01-23,Atta,Grocery,Kolkata,8,303,2424,Wallet,32,3.1
1212,2024-08-28,Vegetables,Produce,Ahmedabad,5,120,600,Credit Card,8,3.5
1213,2024-12-26,Sugar,Grocery,Delhi,8,237,1896,UPI,23,3.8
1214,2024-11-14,Eggs,Dairy,Mumbai,8,384,3072,Cash on Delivery,16,3.4
1215,2024-03-13,Fruits,Produce,Bangalore,8,311,2488,UPI,31,3.9
1216,2024-03-22,Atta,Grocery,Hyderabad,8,209,1672,Wallet,38,3.2
1217,2024-06-03,Pulses,Grocery,Mumbai,7,226,1582,Cash on Delivery,19,3.6
1218,2024-03-11,Atta,Grocery,Kolkata,5,138,690,Cash on Delivery,25,4.5
1219,2024-09-03,Rice,Grocery,Pune,8,402,3216,Wallet,14,4.5
1220,2024-04-27,Bread,Bakery,Kolkata,3,729,2187,Cash on Delivery,40,4.2
1221,2024-11-23,Snacks,Packaged Food,Chennai,3,153,459,Debit Card,21,4.0
1222,2024-04-18,Snacks,Packaged Food,Mumbai,9,441,3969,Wallet,46,3.1
1223,2024-07-11,Vegetables,Produce,Pune,12,155,1860,Debit Card,17,4.0
1224,2024-07-25,Fruits,Produce,Hyderabad,7,561,3927,Debit Card,56,3.4
1225,2024-06-14,Fruits,Produce,Ahmedabad,3,522,1566,UPI,52,3.2
1226,2024-12-15,Snacks,Packaged Food,Kolkata,6,493,2958,Debit Card,50,3.2
1227,2024-08-20,Oil,Grocery,Delhi,6,466,2796,Cash on Delivery,16,4.9
1228,2024-05-30,Snacks,Packaged Food,Mumbai,12,581,6972,UPI,10,3.7
1229,2024-10-30,Vegetables,Produce,Kolkata,11,395,4345,Cash on Delivery,57,4.1
1230,2024-12-20,Eggs,Dairy,Pune,10,657,6570,Credit Card,45,4.2
1231,2024-05-25,Atta,Grocery,Mumbai,7,205,1435,Wallet,12,3.2
1232,2024-04-19,Sugar,Grocery,Bangalore,5,648,3240,UPI,14,4.9
1233,2024-12-11,Bread,Bakery,Hyderabad,6,228,1368,UPI,53,3.3
1234,2024-01-30,Pulses,Grocery,Hyderabad,12,88,1056,Debit Card,45,3.5
1235,2024-12-18,Vegetables,Produce,Kolkata,12,60,720,UPI,41,3.1
1236,2024-10-07,Vegetables,Produce,Mumbai,7,780,5460,UPI,42,4.3
1237,2024-02-02,Pulses,Grocery,Chennai,1,539,539,UPI,18,3.6
1238,2024-01-10,Eggs,Dairy,Delhi,9,619,5571,Credit Card,10,4.6
1239,2024-04-12,Frozen Food,Frozen,Ahmedabad,7,225,1575,Cash on Delivery,17,3.0
1240,2024-11-27,Snacks,Packaged Food,Delhi,2,311,622,Credit Card,41,4.7
1241,2024-02-08,Ice Cream,Frozen,Bangalore,9,339,3051,Cash on Delivery,43,3.7
1242,2024-03-04,Snacks,Packaged Food,Mumbai,7,432,3024,Credit Card,16,4.0
1243,2024-12-18,Sugar,Grocery,Ahmedabad,10,343,3430,Wallet,26,4.3
1244,2024-04-19,Milk,Dairy,Chennai,12,172,2064,Wallet,47,4.8
1245,2024-06-30,Frozen Food,Frozen,Chennai,4,503,2012,Credit Card,17,4.6
1246,2024-08-05,Ice Cream,Frozen,Mumbai,11,274,3014,Cash on Delivery,50,4.6
1247,2024-08-02,Frozen Food,Frozen,Kolkata,7,488,3416,UPI,58,3.2
1248,2024-06-20,Milk,Dairy,Delhi,8,426,3408,Credit Card,35,4.8
1249,2024-09-11,Fruits,Produce,Delhi,9,761,6849,Debit Card,55,3.4
1250,2024-07-21,Bread,Bakery,Kolkata,2,549,1098,UPI,27,4.9
1251,2024-08-28,Eggs,Dairy,Bangalore,2,640,1280,Cash on Delivery,25,4.4
1252,2024-06-21,Atta,Grocery,Kolkata,11,767,8437,Debit Card,11,4.8
1253,2024-04-10,Rice,Grocery,Kolkata,3,344,1032,Credit Card,51,3.2
1254,2024-05-30,Beverages,Drinks,Hyderabad,10,185,1850,Cash on Delivery,48,3.6
1255,2024-09-08,Vegetables,Produce,Chennai,6,685,4110,Cash on Delivery,43,3.1
1256,2024-07-18,Ice Cream,Frozen,Ahmedabad,11,291,3201,UPI,18,3.4
1257,2024-01-16,Fruits,Produce,Kolkata,1,300,300,Wallet,36,4.8
1258,2024-04-11,Snacks,Packaged Food,Pune,8,607,4856,Wallet,32,3.3
1259,2024-02-15,Milk,Dairy,Kolkata,6,743,4458,UPI,40,3.3
1260,2024-06-18,Fruits,Produce,Pune,11,785,8635,UPI,20,3.8
1261,2024-11-08,Vegetables,Produce,Ahmedabad,7,80,560,Wallet,31,4.3
1262,2024-09-14,Frozen Food,Frozen,Chennai,2,88,176,Debit Card,37,3.6
1263,2024-12-22,Oil,Grocery,Chennai,12,272,3264,Credit Card,54,3.0
1264,2024-08-16,Sugar,Grocery,Pune,4,724,2896,Cash on Delivery,36,4.4
1265,2024-09-10,Rice,Grocery,Bangalore,7,55,385,Wallet,47,4.2
1266,2024-10-02,Sugar,Grocery,Pune,3,365,1095,Cash on Delivery,60,4.2
1267,2024-01-02,Rice,Grocery,Chennai,9,118,1062,Cash on Delivery,14,4.2
1268,2024-06-19,Vegetables,Produce,Mumbai,3,121,363,Credit Card,22,4.0
1269,2024-02-12,Snacks,Packaged Food,Mumbai,7,63,441,Cash on Delivery,43,3.6
1270,2024-06-25,Vegetables,Produce,Chennai,6,518,3108,Credit Card,54,4.4
1271,2024-01-27,Vegetables,Produce,Kolkata,1,241,241,Credit Card,55,4.6
1272,2024-10-17,Frozen Food,Frozen,Mumbai,9,217,1953,Cash on Delivery,19,3.5
1273,2024-06-03,Snacks,Packaged Food,Mumbai,9,263,2367,Debit Card,50,4.2
1274,2024-03-10,Beverages,Drinks,Ahmedabad,10,41,410,Wallet,43,4.0
1275,2024-01-19,Snacks,Packaged Food,Bangalore,4,382,1528,Cash on Delivery,36,3.4
1276,2024-02-13,Bread,Bakery,Delhi,7,378,2646,UPI,12,3.3
1277,2024-09-27,Fruits,Produce,Mumbai,9,330,2970,Cash on Delivery,18,4.0
1278,2024-01-30,Milk,Dairy,Chennai,10,221,2210,UPI,35,4.9
1279,2024-11-15,Milk,Dairy,Kolkata,5,283,1415,Cash on Delivery,34,3.5
1280,2024-02-25,Sugar,Grocery,Ahmedabad,9,507,4563,Cash on Delivery,44,4.9
1281,2024-10-23,Rice,Grocery,Mumbai,6,571,3426,UPI,18,3.4
1282,2024-06-26,Eggs,Dairy,Pune,11,657,7227,Debit Card,26,4.5
1283,2024-08-09,Fruits,Produce,Hyderabad,5,214,1070,Credit Card,31,4.8
1284,2024-11-02,Atta,Grocery,Chennai,6,473,2838,Cash on Delivery,18,3.4
1285,2024-06-30,Fruits,Produce,Ahmedabad,8,680,5440,UPI,22,3.8
1286,2024-01-26,Ice Cream,Frozen,Pune,9,493,4437,Credit Card,15,4.7
1287,2024-04-12,Rice,Grocery,Bangalore,1,83,83,Wallet,57,3.5
1288,2024-08-22,Vegetables,Produce,Delhi,6,784,4704,Debit Card,23,4.3
1289,2024-12-30,Fruits,Produce,Ahmedabad,7,642,4494,Cash on Delivery,57,3.2
1290,2024-07-13,Rice,Grocery,Bangalore,11,30,330,Credit Card,23,4.4
1291,2024-08-07,Vegetables,Produce,Chennai,5,744,3720,Credit Card,44,4.0
1292,2024-06-21,Pulses,Grocery,Kolkata,7,320,2240,Credit Card,31,3.3
1293,2024-02-03,Bread,Bakery,Chennai,4,516,2064,Credit Card,32,4.1
1294,2024-03-10,Milk,Dairy,Hyderabad,5,529,2645,Wallet,31,3.0
1295,2024-11-23,Rice,Grocery,Delhi,10,418,4180,Credit Card,28,3.0
1296,2024-12-09,Pulses,Grocery,Chennai,12,698,8376,UPI,16,4.0
1297,2024-08-29,Atta,Grocery,Chennai,4,80,320,Cash on Delivery,32,4.8
1298,2024-05-04,Vegetables,Produce,Mumbai,2,605,1210,Wallet,27,3.4
1299,2024-07-16,Vegetables,Produce,Delhi,12,207,2484,Cash on Delivery,34,4.4
1300,2024-12-09,Beverages,Drinks,Delhi,7,283,1981,Debit Card,46,4.1
1301,2024-02-20,Ice Cream,Frozen,Pune,12,741,8892,Credit Card,21,3.1
1302,2024-08-06,Atta,Grocery,Bangalore,6,205,1230,Cash on Delivery,51,3.1
1303,2024-02-03,Frozen Food,Frozen,Hyderabad,5,41,205,UPI,19,4.3
1304,2024-08-11,Vegetables,Produce,Kolkata,10,545,5450,UPI,58,4.9
1305,2024-07-30,Vegetables,Produce,Delhi,12,769,9228,Debit Card,27,4.8
1306,2024-05-26,Pulses,Grocery,Mumbai,5,202,1010,Cash on Delivery,57,4.0
1307,2024-11-18,Beverages,Drinks,Bangalore,6,443,2658,Credit Card,18,3.8
1308,2024-11-06,Eggs,Dairy,Hyderabad,4,772,3088,Debit Card,11,3.5
1309,2024-07-08,Eggs,Dairy,Ahmedabad,11,349,3839,Credit Card,49,3.4
1310,2024-07-17,Vegetables,Produce,Delhi,9,741,6669,Debit Card,45,3.7
1311,2024-06-08,Eggs,Dairy,Hyderabad,5,484,2420,Wallet,51,3.5
1312,2024-10-18,Eggs,Dairy,Hyderabad,2,763,1526,Wallet,51,3.5
1313,2024-11-29,Vegetables,Produce,Bangalore,7,316,2212,Cash on Delivery,37,3.1
1314,2024-10-15,Rice,Grocery,Delhi,12,419,5028,UPI,28,4.8
1315,2024-10-14,Pulses,Grocery,Pune,1,180,180,Debit Card,47,4.5
1316,2024-07-11,Beverages,Drinks,Bangalore,9,539,4851,Cash on Delivery,26,4.8
1317,2024-10-16,Rice,Grocery,Hyderabad,11,76,836,Wallet,49,4.6
1318,2024-05-26,Sugar,Grocery,Bangalore,11,186,2046,Debit Card,31,3.4
1319,2024-12-22,Fruits,Produce,Delhi,1,689,689,Wallet,13,5.0
1320,2024-03-03,Frozen Food,Frozen,Kolkata,2,249,498,UPI,53,3.6
1321,2024-09-28,Oil,Grocery,Ahmedabad,11,84,924,Debit Card,30,3.9
1322,2024-03-28,Milk,Dairy,Hyderabad,1,673,673,UPI,11,3.6
1323,2024-09-20,Snacks,Packaged Food,Hyderabad,2,127,254,Wallet,19,3.8
1324,2024-09-10,Oil,Grocery,Kolkata,11,511,5621,UPI,9,4.2
1325,2024-09-08,Vegetables,Produce,Kolkata,2,688,1376,Cash on Delivery,26,3.9
1326,2024-12-19,Oil,Grocery,Chennai,10,358,3580,Cash on Delivery,13,3.0
1327,2024-06-10,Vegetables,Produce,Chennai,3,185,555,Credit Card,24,4.2
1328,2024-10-01,Beverages,Drinks,Kolkata,9,772,6948,UPI,34,3.3
1329,2024-09-07,Oil,Grocery,Kolkata,3,797,2391,Debit Card,50,3.3
1330,2024-09-08,Atta,Grocery,Chennai,1,649,649,Wallet,58,3.2
1331,2024-02-27,Snacks,Packaged Food,Delhi,7,684,4788,Cash on Delivery,13,4.5
1332,2024-04-07,Snacks,Packaged Food,Hyderabad,12,765,9180,Credit Card,53,3.4
1333,2024-05-04,Pulses,Grocery,Kolkata,8,188,1504,Credit Card,12,4.7
1334,2024-02-09,Vegetables,Produce,Kolkata,1,500,500,Debit Card,17,3.9
1335,2024-04-20,Eggs,Dairy,Kolkata,7,488,3416,UPI,9,4.8
1336,2024-06-02,Frozen Food,Frozen,Hyderabad,4,687,2748,Debit Card,33,4.6
1337,2024-10-18,Sugar,Grocery,Hyderabad,6,145,870,Credit Card,39,3.0
1338,2024-01-19,Milk,Dairy,Chennai,6,545,3270,Wallet,54,4.7
1339,2024-06-27,Vegetables,Produce,Ahmedabad,6,687,4122,Debit Card,14,3.2
1340,2024-07-31,Ice Cream,Frozen,Mumbai,9,143,1287,UPI,40,3.0
1341,2024-03-08,Oil,Grocery,Hyderabad,3,269,807,Credit Card,50,3.4
1342,2024-02-21,Eggs,Dairy,Mumbai,9,263,2367,UPI,40,3.3
1343,2024-09-15,Beverages,Drinks,Ahmedabad,12,320,3840,Wallet,17,3.1
1344,2024-02-09,Atta,Grocery,Kolkata,3,674,2022,UPI,59,3.1
1345,2024-06-11,Beverages,Drinks,Chennai,8,664,5312,Credit Card,43,3.5
1346,2024-03-30,Beverages,Drinks,Bangalore,5,263,1315,Cash on Delivery,46,4.2
1347,2024-05-29,Beverages,Drinks,Bangalore,10,70,700,Wallet,43,4.5
1348,2024-02-10,Fruits,Produce,Hyderabad,3,786,2358,Credit Card,59,3.3
1349,2024-10-31,Milk,Dairy,Chennai,4,605,2420,UPI,44,3.4
1350,2024-02-09,Milk,Dairy,Pune,12,162,1944,UPI,52,4.9
1351,2024-07-10,Frozen Food,Frozen,Bangalore,6,459,2754,Debit Card,26,4.6
1352,2024-02-20,Ice Cream,Frozen,Delhi,10,576,5760,UPI,21,4.0
1353,2024-02-26,Bread,Bakery,Bangalore,9,616,5544,UPI,21,4.4
1354,2024-02-14,Pulses,Grocery,Bangalore,8,23,184,Wallet,31,4.1
1355,2024-04-02,Snacks,Packaged Food,Delhi,11,162,1782,Cash on Delivery,52,4.0
1356,2024-02-16,Beverages,Drinks,Hyderabad,5,32,160,Wallet,13,3.6
1357,2024-06-18,Ice Cream,Frozen,Hyderabad,1,644,644,Cash on Delivery,35,3.6
1358,2024-07-02,Frozen Food,Frozen,Chennai,8,445,3560,UPI,13,4.1
1359,2024-04-20,Frozen Food,Frozen,Kolkata,6,588,3528,UPI,10,3.0
1360,2024-02-04,Atta,Grocery,Mumbai,11,57,627,Wallet,23,3.8
1361,2024-11-26,Beverages,Drinks,Delhi,2,120,240,UPI,25,3.8
1362,2024-08-09,Bread,Bakery,Pune,3,176,528,Debit Card,28,3.7
1363,2024-09-25,Milk,Dairy,Mumbai,3,287,861,Cash on Delivery,44,4.6
1364,2024-01-01,Sugar,Grocery,Ahmedabad,10,488,4880,UPI,49,3.8
1365,2024-07-18,Milk,Dairy,Delhi,3,538,1614,Wallet,46,4.7
1366,2024-02-26,Eggs,Dairy,Ahmedabad,6,672,4032,UPI,27,3.8
1367,2024-10-21,Snacks,Packaged Food,Bangalore,7,572,4004,Cash on Delivery,18,3.5
1368,2024-09-25,Sugar,Grocery,Ahmedabad,2,104,208,UPI,26,3.9
1369,2024-12-08,Snacks,Packaged Food,Kolkata,1,288,288,Cash on Delivery,42,4.8
1370,2024-06-27,Sugar,Grocery,Chennai,7,569,3983,Cash on Delivery,41,4.9
1371,2024-12-18,Sugar,Grocery,Kolkata,5,797,3985,Credit Card,13,3.5
1372,2024-12-31,Fruits,Produce,Hyderabad,5,372,1860,Debit Card,15,3.9
1373,2024-06-12,Snacks,Packaged Food,Mumbai,12,440,5280,Credit Card,48,3.4
1374,2024-11-02,Bread,Bakery,Chennai,10,760,7600,UPI,41,4.2
1375,2024-12-18,Frozen Food,Frozen,Mumbai,9,264,2376,Cash on Delivery,47,3.5
1376,2024-12-26,Vegetables,Produce,Chennai,2,256,512,UPI,27,3.8
1377,2024-10-21,Atta,Grocery,Mumbai,1,41,41,Wallet,36,3.8
1378,2024-06-01,Milk,Dairy,Ahmedabad,6,372,2232,Cash on Delivery,17,3.3
1379,2024-03-17,Bread,Bakery,Kolkata,6,579,3474,Debit Card,48,4.6
1380,2024-09-13,Atta,Grocery,Kolkata,1,147,147,Debit Card,32,4.4
1381,2024-07-18,Oil,Grocery,Kolkata,3,501,1503,Debit Card,46,4.4
1382,2024-05-23,Ice Cream,Frozen,Ahmedabad,1,337,337,Wallet,54,4.0
1383,2024-05-11,Bread,Bakery,Ahmedabad,6,777,4662,Credit Card,38,3.5
1384,2024-08-09,Oil,Grocery,Hyderabad,1,476,476,UPI,21,4.1
1385,2024-12-26,Fruits,Produce,Bangalore,9,90,810,Credit Card,26,3.2
1386,2024-08-03,Ice Cream,Frozen,Chennai,10,406,4060,Wallet,60,3.9
1387,2024-04-15,Pulses,Grocery,Bangalore,11,35,385,Debit Card,40,3.7
1388,2024-07-20,Ice Cream,Frozen,Delhi,9,568,5112,Debit Card,14,3.3
1389,2024-01-18,Ice Cream,Frozen,Chennai,7,798,5586,UPI,18,4.5
1390,2024-11-02,Pulses,Grocery,Delhi,9,695,6255,Cash on Delivery,31,3.1
1391,2024-08-04,Sugar,Grocery,Ahmedabad,3,89,267,Wallet,40,4.1
1392,2024-01-14,Eggs,Dairy,Kolkata,7,699,4893,Wallet,39,3.5
1393,2024-11-18,Milk,Dairy,Delhi,11,758,8338,Cash on Delivery,9,4.1
1394,2024-02-16,Snacks,Packaged Food,Ahmedabad,9,540,4860,Cash on Delivery,57,3.7
1395,2024-11-05,Ice Cream,Frozen,Pune,8,631,5048,Wallet,9,4.6
1396,2024-08-23,Atta,Grocery,Pune,8,228,1824,Debit Card,32,5.0
1397,2024-04-29,Bread,Bakery,Kolkata,7,178,1246,Credit Card,55,3.6
1398,2024-01-16,Sugar,Grocery,Chennai,9,604,5436,Debit Card,18,4.2
1399,2024-07-21,Ice Cream,Frozen,Kolkata,10,529,5290,Credit Card,39,4.2
1400,2024-12-14,Ice Cream,Frozen,Delhi,1,539,539,Cash on Delivery,47,3.0
1401,2024-06-17,Beverages,Drinks,Kolkata,1,26,26,Debit Card,19,3.0
1402,2024-04-10,Snacks,Packaged Food,Pune,3,504,1512,Debit Card,41,3.9
1403,2024-06-29,Sugar,Grocery,Kolkata,5,95,475,Wallet,54,3.8
1404,2024-06-19,Rice,Grocery,Hyderabad,12,799,9588,UPI,42,3.4
1405,2024-12-21,Vegetables,Produce,Delhi,3,545,1635,Wallet,11,4.8
1406,2024-04-04,Ice Cream,Frozen,Delhi,2,725,1450,UPI,37,3.9
1407,2024-04-19,Eggs,Dairy,Ahmedabad,1,416,416,Debit Card,53,4.1
1408,2024-06-25,Rice,Grocery,Bangalore,12,76,912,Wallet,33,3.8
1409,2024-06-21,Milk,Dairy,Kolkata,4,34,136,Wallet,25,4.0
1410,2024-07-25,Pulses,Grocery,Mumbai,7,26,182,UPI,52,3.4
1411,2024-11-11,Eggs,Dairy,Hyderabad,1,621,621,Wallet,19,4.5
1412,2024-02-11,Fruits,Produce,Mumbai,10,415,4150,Debit Card,8,3.4
1413,2024-07-25,Eggs,Dairy,Kolkata,1,163,163,Wallet,58,3.9
1414,2024-04-03,Pulses,Grocery,Mumbai,11,72,792,Credit Card,48,4.6
1415,2024-11-06,Beverages,Drinks,Ahmedabad,5,711,3555,Wallet,15,4.6
1416,2024-12-15,Atta,Grocery,Bangalore,12,699,8388,Wallet,46,3.1
1417,2024-06-20,Bread,Bakery,Bangalore,4,61,244,UPI,59,3.5
1418,2024-07-18,Fruits,Produce,Mumbai,8,411,3288,Credit Card,27,3.7
1419,2024-07-12,Oil,Grocery,Ahmedabad,2,194,388,Credit Card,24,4.9
1420,2024-12-04,Snacks,Packaged Food,Ahmedabad,3,132,396,Wallet,34,3.6
1421,2024-11-23,Eggs,Dairy,Delhi,1,450,450,Cash on Delivery,27,4.4
1422,2024-06-09,Fruits,Produce,Ahmedabad,2,678,1356,Cash on Delivery,37,3.7
1423,2024-07-14,Sugar,Grocery,Mumbai,2,434,868,Cash on Delivery,14,4.9
1424,2024-05-07,Oil,Grocery,Mumbai,4,716,2864,UPI,29,3.5
1425,2024-11-26,Ice Cream,Frozen,Ahmedabad,5,419,2095,Wallet,11,3.3
1426,2024-04-27,Fruits,Produce,Mumbai,6,738,4428,Debit Card,8,4.2
1427,2024-10-17,Atta,Grocery,Bangalore,1,141,141,Credit Card,38,3.3
1428,2024-01-07,Beverages,Drinks,Ahmedabad,2,662,1324,Credit Card,12,5.0
1429,2024-08-12,Bread,Bakery,Ahmedabad,5,120,600,Credit Card,46,4.4
1430,2024-12-06,Snacks,Packaged Food,Bangalore,6,766,4596,UPI,28,4.2
1431,2024-08-13,Milk,Dairy,Mumbai,4,642,2568,UPI,39,4.6
1432,2024-06-03,Frozen Food,Frozen,Hyderabad,9,211,1899,Cash on Delivery,40,3.2
1433,2024-04-27,Ice Cream,Frozen,Chennai,5,295,1475,UPI,13,3.5
1434,2024-11-02,Fruits,Produce,Chennai,11,565,6215,Credit Card,51,4.1
1435,2024-05-23,Atta,Grocery,Chennai,5,69,345,Debit Card,55,4.7
1436,2024-07-16,Fruits,Produce,Ahmedabad,12,499,5988,UPI,30,4.0
1437,2024-08-04,Beverages,Drinks,Hyderabad,12,665,7980,Cash on Delivery,29,4.1
1438,2024-12-26,Ice Cream,Frozen,Bangalore,4,55,220,Cash on Delivery,34,3.0
1439,2024-03-25,Atta,Grocery,Ahmedabad,12,75,900,Debit Card,57,3.3
1440,2024-03-22,Snacks,Packaged Food,Kolkata,9,709,6381,Credit Card,14,4.8
1441,2024-05-16,Fruits,Produce,Delhi,1,777,777,Credit Card,27,3.1
1442,2024-05-22,Oil,Grocery,Pune,1,736,736,Credit Card,39,3.7
1443,2024-02-13,Fruits,Produce,Pune,1,684,684,Wallet,10,3.6
1444,2024-04-10,Sugar,Grocery,Mumbai,2,407,814,Cash on Delivery,27,3.0
1445,2024-02-29,Oil,Grocery,Mumbai,4,351,1404,Cash on Delivery,40,3.2
1446,2024-05-05,Atta,Grocery,Pune,10,540,5400,Wallet,26,4.9
1447,2024-05-27,Bread,Bakery,Kolkata,3,54,162,Credit Card,56,3.6
1448,2024-06-11,Snacks,Packaged Food,Pune,11,794,8734,Credit Card,27,5.0
1449,2024-03-24,Fruits,Produce,Chennai,1,247,247,Credit Card,59,4.2
1450,2024-07-01,Vegetables,Produce,Ahmedabad,10,249,2490,Cash on Delivery,43,3.2
1451,2024-12-03,Bread,Bakery,Bangalore,8,190,1520,Wallet,60,3.2
1452,2024-01-09,Rice,Grocery,Kolkata,6,25,150,Cash on Delivery,55,4.4
1453,2024-07-06,Frozen Food,Frozen,Ahmedabad,5,796,3980,Debit Card,26,3.8
1454,2024-08-14,Fruits,Produce,Bangalore,5,517,2585,Wallet,25,3.5
1455,2024-10-08,Rice,Grocery,Mumbai,2,312,624,Cash on Delivery,45,3.6
1456,2024-06-28,Oil,Grocery,Pune,6,103,618,Wallet,43,3.3
1457,2024-06-12,Vegetables,Produce,Bangalore,11,590,6490,UPI,24,3.6
1458,2024-08-19,Fruits,Produce,Chennai,7,41,287,Cash on Delivery,42,4.9
1459,2024-05-18,Vegetables,Produce,Chennai,8,439,3512,Debit Card,10,4.3
1460,2024-03-14,Sugar,Grocery,Ahmedabad,3,528,1584,Cash on Delivery,56,4.1
1461,2024-06-12,Sugar,Grocery,Mumbai,5,119,595,Debit Card,11,3.9
1462,2024-01-25,Vegetables,Produce,Pune,3,77,231,UPI,42,4.6
1463,2024-07-22,Sugar,Grocery,Kolkata,4,113,452,UPI,44,4.9
1464,2024-09-27,Pulses,Grocery,Pune,6,748,4488,Credit Card,19,3.7
1465,2024-11-07,Ice Cream,Frozen,Bangalore,10,518,5180,UPI,36,4.2
1466,2024-10-16,Frozen Food,Frozen,Hyderabad,7,280,1960,UPI,53,3.6
1467,2024-10-01,Ice Cream,Frozen,Mumbai,5,54,270,UPI,30,4.1
1468,2024-08-07,Eggs,Dairy,Bangalore,2,37,74,Wallet,20,3.4
1469,2024-12-16,Ice Cream,Frozen,Kolkata,3,575,1725,Wallet,37,4.9
1470,2024-11-09,Frozen Food,Frozen,Hyderabad,3,144,432,Cash on Delivery,9,3.2
1471,2024-02-20,Vegetables,Produce,Bangalore,10,787,7870,Cash on Delivery,13,4.1
1472,2024-02-13,Fruits,Produce,Pune,9,363,3267,Wallet,43,4.4
1473,2024-11-28,Atta,Grocery,Bangalore,12,388,4656,Cash on Delivery,11,4.8
1474,2024-02-03,Beverages,Drinks,Ahmedabad,12,677,8124,UPI,17,4.8
1475,2024-10-18,Snacks,Packaged Food,Mumbai,6,354,2124,Cash on Delivery,42,4.2
1476,2024-09-04,Oil,Grocery,Bangalore,10,562,5620,UPI,24,3.6
1477,2024-08-30,Atta,Grocery,Pune,6,399,2394,UPI,20,3.2
1478,2024-02-18,Pulses,Grocery,Chennai,7,567,3969,Wallet,45,3.4
1479,2024-01-19,Eggs,Dairy,Chennai,8,773,6184,Cash on Delivery,18,3.3
1480,2024-05-16,Rice,Grocery,Mumbai,4,54,216,Debit Card,44,3.8
1481,2024-09-13,Snacks,Packaged Food,Pune,2,796,1592,Debit Card,22,4.7
1482,2024-08-02,Fruits,Produce,Delhi,11,41,451,UPI,36,4.0
1483,2024-03-17,Eggs,Dairy,Bangalore,11,407,4477,Debit Card,33,3.1
1484,2024-03-13,Milk,Dairy,Chennai,8,596,4768,Wallet,23,4.9
1485,2024-09-09,Frozen Food,Frozen,Delhi,9,605,5445,Wallet,30,3.6
1486,2024-03-20,Sugar,Grocery,Mumbai,7,573,4011,Credit Card,45,4.8
1487,2024-01-07,Snacks,Packaged Food,Pune,3,95,285,UPI,46,4.6
1488,2024-04-10,Eggs,Dairy,Bangalore,2,619,1238,Debit Card,43,3.5
1489,2024-09-27,Oil,Grocery,Hyderabad,5,339,1695,Credit Card,57,4.9
1490,2024-09-26,Ice Cream,Frozen,Mumbai,6,752,4512,UPI,36,4.4
1491,2024-07-12,Beverages,Drinks,Mumbai,6,791,4746,Cash on Delivery,36,4.8
1492,2024-01-28,Snacks,Packaged Food,Delhi,3,781,2343,UPI,55,3.9
1493,2024-09-28,Fruits,Produce,Delhi,6,365,2190,UPI,15,3.3
1494,2024-04-11,Beverages,Drinks,Hyderabad,6,520,3120,UPI,17,3.8
1495,2024-02-12,Pulses,Grocery,Hyderabad,2,185,370,Credit Card,59,4.2
1496,2024-04-11,Eggs,Dairy,Delhi,2,756,1512,Wallet,29,4.9
1497,2024-05-08,Snacks,Packaged Food,Mumbai,1,554,554,Wallet,24,3.8
1498,2024-10-02,Snacks,Packaged Food,Kolkata,1,546,546,UPI,27,5.0
1499,2024-11-20,Beverages,Drinks,Chennai,8,644,5152,Wallet,29,3.0
1500,2024-08-24,Bread,Bakery,Kolkata,1,504,504,Credit Card,51,4.9
